job,marital,education,month,day_of_week,poutcome,age,balance,duration,campaign,pdays,previous
student,single,secondary,aug,26,success,26,620,76,1,96,2
admin.,single,secondary,jul,16,success,38,4803,129,2,182,2
retired,married,tertiary,sep,18,other,70,44,1104,2,88,2
blue-collar,married,primary,may,12,failure,56,373,179,1,350,1
management,married,secondary,may,13,failure,33,350,205,1,350,2
admin.,single,secondary,jul,8,failure,29,1992,202,1,87,2
blue-collar,married,secondary,may,13,failure,35,233,66,1,176,1
admin.,single,secondary,apr,30,failure,26,1327,104,1,31,4
technician,married,secondary,may,27,other,35,1368,329,1,41,2
services,single,secondary,may,6,other,30,346,87,3,345,5
admin.,single,secondary,may,14,failure,29,891,172,2,352,1
technician,single,primary,may,13,failure,41,340,262,1,349,1
admin.,married,secondary,may,7,failure,33,-370,261,1,345,1
self-employed,divorced,tertiary,may,15,other,32,3695,34,1,353,3
student,single,secondary,apr,5,failure,24,4126,907,4,185,7
entrepreneur,married,secondary,apr,20,failure,36,24,88,1,154,2
management,married,tertiary,nov,21,failure,53,1945,22,4,106,7
technician,divorced,primary,may,8,failure,57,13,323,2,368,2
management,single,tertiary,oct,22,success,35,1750,422,1,175,4
self-employed,single,tertiary,may,7,failure,31,253,157,1,349,4
retired,married,tertiary,jan,28,success,66,1948,216,1,91,4
admin.,divorced,secondary,apr,5,failure,34,961,137,2,430,2
management,single,secondary,apr,16,failure,33,-665,324,1,342,1
management,single,tertiary,apr,30,success,47,86,387,3,87,1
blue-collar,single,primary,may,18,failure,36,90,50,2,360,1
entrepreneur,single,tertiary,may,18,failure,34,1068,46,6,378,2
management,married,tertiary,jan,29,other,30,370,250,1,246,1
student,single,secondary,apr,7,other,31,735,88,3,322,1
management,married,secondary,dec,29,success,61,544,63,3,200,9
housemaid,single,secondary,may,26,other,47,17023,379,2,97,4
technician,married,secondary,aug,25,success,49,3466,161,3,410,2
management,single,secondary,may,13,other,36,1331,77,3,174,1
retired,single,secondary,feb,5,other,58,-158,55,1,8,1
services,married,secondary,apr,20,failure,34,1553,6,6,328,8
self-employed,single,secondary,may,18,other,33,136,30,2,336,13
admin.,single,secondary,aug,21,success,43,733,126,1,88,4
management,single,tertiary,may,15,failure,34,4782,160,1,277,1
management,married,secondary,apr,5,other,44,2897,296,1,180,4
management,married,tertiary,mar,5,failure,33,1390,77,1,179,5
management,married,tertiary,jan,28,success,64,3951,134,1,91,1
management,single,tertiary,jun,1,success,35,671,128,1,83,1
services,divorced,secondary,may,14,other,38,6182,484,3,177,1
blue-collar,single,secondary,jun,5,success,22,682,126,2,91,1
blue-collar,married,primary,apr,20,failure,33,217,198,1,339,3
blue-collar,married,primary,may,14,failure,47,881,143,1,370,2
retired,married,secondary,nov,16,success,63,1495,138,1,22,5
management,married,tertiary,apr,9,failure,42,1773,311,1,336,1
housemaid,married,secondary,feb,2,failure,55,5,269,1,206,2
retired,married,primary,jan,11,success,73,1388,767,2,83,1
student,single,secondary,jul,9,other,26,1164,116,1,301,1
services,married,secondary,apr,20,failure,37,184,53,1,348,3
technician,divorced,tertiary,jun,2,failure,45,10768,147,3,78,2
self-employed,divorced,tertiary,may,14,success,36,1354,1723,1,356,2
blue-collar,married,secondary,may,4,success,48,1730,361,1,89,3
admin.,married,secondary,jun,14,success,56,602,458,1,130,8
blue-collar,divorced,primary,may,13,success,54,4401,414,1,183,2
services,single,secondary,apr,8,other,30,1268,105,4,320,8
technician,single,secondary,dec,3,success,29,1165,244,2,184,1
blue-collar,married,primary,nov,21,failure,40,-616,182,1,157,2
blue-collar,married,primary,may,12,failure,41,254,25,1,309,3
management,single,tertiary,feb,3,other,32,2360,152,2,160,5
blue-collar,married,secondary,may,11,failure,42,-204,34,1,361,7
technician,divorced,secondary,apr,20,other,54,1663,41,1,150,9
management,married,tertiary,mar,3,other,54,446,133,4,102,4
management,married,secondary,jan,29,failure,44,488,138,2,183,11
management,single,tertiary,dec,17,failure,31,596,184,6,196,2
management,married,tertiary,feb,2,other,54,67,161,3,73,1
housemaid,single,tertiary,may,4,success,29,19,268,1,88,4
management,married,tertiary,nov,18,failure,46,4301,50,1,183,2
blue-collar,single,secondary,apr,17,failure,37,90,416,1,340,5
student,single,secondary,may,6,failure,27,3096,62,4,357,1
admin.,divorced,secondary,jan,30,other,60,663,385,3,197,1
technician,single,secondary,nov,18,failure,30,4787,266,1,167,2
services,single,tertiary,sep,3,other,32,620,110,6,95,5
management,single,tertiary,feb,9,failure,30,3773,75,4,258,1
retired,married,primary,feb,4,failure,57,-464,75,1,190,6
technician,married,secondary,feb,4,failure,33,0,56,1,274,2
technician,married,secondary,jun,4,failure,26,523,221,1,126,1
self-employed,married,tertiary,nov,19,other,37,804,94,1,170,1
technician,single,tertiary,apr,17,failure,31,985,997,1,57,2
admin.,divorced,secondary,may,27,success,47,2232,439,1,103,1
management,single,tertiary,nov,19,failure,31,3625,112,1,180,2
retired,married,tertiary,apr,5,failure,70,15834,172,3,186,1
blue-collar,married,primary,jan,30,other,39,976,80,1,2,2
management,married,tertiary,may,8,success,57,830,662,1,367,1
technician,single,tertiary,may,25,failure,33,109,601,2,10,7
services,married,primary,apr,17,failure,43,-88,313,1,147,2
management,married,tertiary,jun,2,failure,47,1147,654,1,95,1
blue-collar,married,primary,may,15,failure,21,-172,409,1,361,3
technician,married,secondary,nov,12,success,42,994,227,3,93,6
technician,married,secondary,feb,3,success,33,303,355,1,301,5
technician,single,tertiary,may,18,failure,31,-241,333,2,355,1
technician,divorced,secondary,feb,26,failure,35,2823,74,1,24,1
management,single,tertiary,aug,16,other,29,1673,200,2,159,3
management,married,tertiary,nov,17,failure,30,101,348,1,123,1
management,single,tertiary,may,6,failure,37,102,445,1,258,2
technician,single,tertiary,may,14,success,32,13711,638,1,175,3
blue-collar,married,secondary,sep,8,success,43,2160,261,1,98,1
blue-collar,married,primary,may,15,failure,31,290,148,1,291,3
management,married,tertiary,may,11,other,39,763,877,7,300,2
admin.,single,tertiary,jan,26,failure,27,689,98,1,307,1
management,married,tertiary,oct,23,failure,38,4174,336,2,184,5
technician,married,tertiary,apr,30,success,54,395,183,1,183,2
services,single,secondary,jan,29,other,30,-386,196,1,237,2
technician,single,secondary,may,18,success,33,1279,239,2,349,3
admin.,single,secondary,feb,12,success,27,255,123,1,182,4
technician,single,tertiary,mar,31,failure,34,2658,265,1,230,2
management,single,tertiary,may,14,failure,31,0,117,3,352,3
blue-collar,married,primary,may,12,failure,30,190,29,2,370,1
admin.,married,secondary,may,8,failure,53,4493,286,2,168,3
management,single,tertiary,may,11,failure,33,48,400,1,173,5
retired,married,primary,aug,12,failure,77,2590,345,1,178,20
management,married,tertiary,feb,18,success,58,473,1109,1,262,1
management,married,tertiary,may,8,failure,56,935,209,2,172,1
admin.,single,tertiary,may,7,failure,33,490,31,1,363,2
management,married,secondary,may,11,other,42,1042,465,1,364,3
services,single,secondary,apr,17,failure,33,148,271,1,150,1
admin.,married,secondary,oct,13,other,49,197,404,1,68,1
housemaid,divorced,primary,feb,5,failure,54,2253,266,1,196,1
retired,married,secondary,jul,27,success,61,1058,218,2,91,3
management,married,tertiary,sep,8,success,58,1227,400,2,95,1
unemployed,single,tertiary,may,6,failure,28,1010,911,1,336,2
blue-collar,married,secondary,may,7,failure,39,660,93,4,168,3
unemployed,divorced,secondary,may,6,failure,45,728,156,2,169,1
technician,single,secondary,may,12,other,36,75,485,2,342,4
admin.,single,secondary,feb,2,failure,32,1,75,1,208,1
blue-collar,married,primary,may,13,failure,39,800,53,5,175,6
self-employed,married,primary,nov,19,failure,54,277,300,5,170,3
self-employed,married,tertiary,nov,18,failure,40,3059,41,1,182,1
admin.,married,secondary,may,18,failure,33,48,164,5,294,3
management,divorced,tertiary,feb,5,other,50,-5,1118,1,8,1
management,married,tertiary,may,13,other,52,0,179,3,257,6
technician,single,secondary,may,27,success,38,2442,161,1,100,3
management,single,secondary,feb,2,failure,31,783,221,2,272,1
blue-collar,married,secondary,may,15,failure,31,1803,350,8,360,1
technician,divorced,secondary,feb,2,other,50,8,171,2,5,1
management,divorced,secondary,jan,29,failure,37,414,293,2,162,4
student,single,secondary,feb,8,success,22,216,363,1,187,1
management,married,tertiary,mar,18,failure,30,8089,232,2,294,2
management,married,tertiary,apr,8,failure,35,24,169,1,231,2
blue-collar,married,secondary,may,14,other,33,331,178,7,365,5
management,divorced,tertiary,may,13,failure,47,-49,14,6,327,23
self-employed,married,tertiary,nov,18,failure,54,368,74,2,110,4
blue-collar,married,secondary,feb,4,failure,36,0,235,1,244,1
admin.,married,secondary,feb,3,success,45,205,373,1,92,1
services,married,secondary,may,13,failure,32,28,88,1,370,1
management,divorced,tertiary,nov,21,failure,36,210,62,1,127,2
management,divorced,tertiary,aug,26,failure,43,9,89,5,401,1
entrepreneur,married,tertiary,apr,20,failure,32,281,18,5,349,2
technician,single,secondary,may,6,failure,34,827,254,1,267,4
blue-collar,single,secondary,may,18,failure,26,330,156,1,348,1
admin.,married,secondary,feb,5,failure,32,1661,76,1,209,2
technician,divorced,secondary,may,14,failure,50,0,109,3,92,3
retired,married,secondary,feb,4,success,62,569,94,5,184,1
technician,married,secondary,feb,5,failure,41,-378,361,1,253,2
services,married,secondary,may,11,failure,38,741,363,1,343,2
admin.,married,tertiary,sep,29,failure,36,1145,75,1,239,2
admin.,single,secondary,may,18,failure,25,845,217,1,370,1
retired,married,secondary,nov,19,failure,59,32948,243,1,174,2
management,married,secondary,jun,3,failure,50,268,74,2,90,2
management,married,tertiary,mar,10,failure,34,1674,113,1,210,7
technician,married,secondary,jun,3,failure,38,1442,113,1,119,1
entrepreneur,married,tertiary,may,8,other,41,10,196,2,172,2
retired,divorced,tertiary,may,26,failure,60,4,400,3,358,2
blue-collar,single,secondary,feb,9,other,31,42,473,3,12,2
technician,single,tertiary,may,7,failure,30,3086,84,3,168,1
blue-collar,married,primary,may,13,failure,47,6150,444,2,174,2
self-employed,married,tertiary,jul,12,other,35,2427,210,3,158,7
retired,married,primary,aug,10,failure,62,3738,151,3,185,1
blue-collar,single,secondary,feb,6,success,28,517,91,3,213,1
management,single,tertiary,jan,28,other,46,625,107,1,163,5
services,married,secondary,nov,20,failure,35,142,315,2,196,4
technician,single,tertiary,jan,29,failure,28,-214,228,2,262,3
management,single,tertiary,sep,28,success,48,334,600,2,92,12
technician,married,secondary,oct,20,failure,43,69,304,1,337,1
retired,married,tertiary,jun,9,success,83,4761,294,2,93,1
retired,divorced,tertiary,nov,16,failure,75,3810,262,1,183,1
technician,married,secondary,feb,3,other,34,0,146,1,91,2
admin.,single,tertiary,aug,12,failure,37,3954,87,1,117,2
services,single,secondary,nov,21,other,44,5045,20,6,175,15
student,single,secondary,aug,13,success,24,382,103,1,105,2
retired,married,primary,jan,12,failure,67,585,164,1,148,1
admin.,single,secondary,may,14,failure,25,1235,64,1,349,3
blue-collar,single,tertiary,apr,15,failure,37,3649,623,2,146,4
services,married,secondary,feb,2,failure,31,442,69,1,270,2
entrepreneur,married,primary,apr,17,failure,34,165,182,2,329,1
services,single,secondary,apr,20,other,45,1757,1010,3,326,1
admin.,single,secondary,may,7,failure,28,-181,429,2,343,4
retired,divorced,secondary,oct,12,failure,75,1092,250,1,431,2
blue-collar,single,secondary,apr,17,other,30,103,2053,2,317,1
management,divorced,tertiary,may,13,failure,32,1804,122,1,355,1
self-employed,divorced,tertiary,mar,8,other,49,3293,111,3,585,6
admin.,married,secondary,sep,9,success,28,1595,268,1,254,4
entrepreneur,married,tertiary,nov,20,failure,38,1110,888,2,183,2
admin.,married,secondary,apr,30,success,49,3608,252,1,168,1
self-employed,married,secondary,oct,22,success,29,123,247,1,184,3
admin.,married,secondary,may,14,failure,35,3863,125,1,175,1
blue-collar,married,secondary,may,13,failure,35,0,291,8,293,1
admin.,married,secondary,may,7,failure,30,187,56,1,170,1
admin.,divorced,secondary,may,18,other,32,5,82,3,363,2
admin.,married,secondary,oct,13,failure,55,9329,135,1,113,2
technician,married,secondary,jan,29,failure,36,319,29,1,266,1
management,divorced,tertiary,jan,29,failure,36,36,227,1,261,6
management,single,primary,nov,17,other,56,109,124,1,129,18
management,married,secondary,feb,2,failure,37,10,164,1,250,2
management,divorced,tertiary,jan,29,failure,57,-676,100,2,247,1
blue-collar,divorced,secondary,may,11,failure,38,0,580,1,173,1
blue-collar,divorced,primary,may,11,failure,51,602,347,1,284,2
management,single,tertiary,nov,18,other,32,0,244,2,168,1
management,married,tertiary,nov,12,failure,51,346,134,2,192,3
retired,divorced,secondary,may,13,failure,57,-663,210,1,351,2
admin.,single,secondary,nov,18,failure,47,19,90,2,123,1
admin.,married,secondary,aug,21,failure,37,1314,200,1,91,10
admin.,married,secondary,jun,1,failure,53,2851,89,1,119,1
blue-collar,divorced,secondary,may,13,failure,37,719,118,1,365,1
management,married,tertiary,mar,4,failure,42,144,148,1,87,4
unemployed,married,secondary,may,11,failure,58,3867,159,1,364,2
housemaid,married,tertiary,nov,19,failure,34,4958,175,1,183,1
unemployed,married,secondary,feb,2,failure,36,533,619,1,272,1
services,married,secondary,may,15,failure,28,511,274,1,319,5
entrepreneur,divorced,tertiary,jan,8,failure,50,315,249,1,119,1
management,married,secondary,nov,20,other,30,11391,319,1,105,2
blue-collar,married,primary,apr,16,failure,33,359,130,1,148,1
services,married,secondary,may,22,failure,43,2145,271,1,183,3
management,single,tertiary,aug,31,failure,34,747,72,2,98,1
management,single,tertiary,sep,1,failure,36,671,161,1,457,2
blue-collar,divorced,secondary,may,11,other,39,0,275,2,307,1
technician,married,secondary,apr,3,failure,38,275,277,2,333,1
student,single,secondary,jul,13,other,24,1123,475,1,412,1
blue-collar,single,secondary,may,13,failure,40,82,135,6,370,5
self-employed,married,secondary,may,15,failure,50,358,315,3,367,3
management,married,tertiary,feb,4,failure,50,3284,195,2,271,3
blue-collar,single,primary,feb,5,failure,30,105,131,1,265,1
blue-collar,single,tertiary,jan,29,failure,39,263,160,1,199,6
admin.,married,secondary,apr,17,failure,41,1380,65,1,333,1
blue-collar,single,secondary,nov,20,failure,41,98,180,1,122,6
blue-collar,married,secondary,may,15,other,39,1254,133,1,353,5
unemployed,single,secondary,aug,12,success,26,632,312,3,181,1
admin.,single,secondary,may,7,failure,31,0,895,2,295,2
technician,single,secondary,apr,20,other,37,442,51,4,349,1
housemaid,married,primary,apr,30,failure,59,182,92,1,86,1
admin.,single,secondary,may,18,success,36,507,264,1,300,2
admin.,married,secondary,oct,20,failure,61,1541,59,1,104,3
management,married,tertiary,nov,17,failure,50,830,71,1,138,2
management,divorced,secondary,may,12,failure,49,1598,76,2,348,1
blue-collar,married,primary,may,15,other,37,357,14,2,344,3
technician,married,tertiary,feb,2,failure,35,1526,236,2,217,4
technician,married,secondary,may,13,failure,35,1546,156,1,174,4
blue-collar,married,primary,may,12,failure,51,42,51,2,342,3
technician,married,secondary,jun,2,success,38,5115,318,1,95,7
blue-collar,single,secondary,apr,16,other,35,0,1174,1,345,4
services,single,secondary,may,14,other,42,0,67,7,177,1
management,single,tertiary,feb,3,other,35,539,198,2,267,1
services,married,secondary,may,8,failure,42,714,211,1,358,5
management,single,tertiary,dec,4,success,43,11891,821,5,242,1
blue-collar,married,primary,apr,15,success,36,1177,330,1,311,4
management,married,tertiary,may,15,failure,41,30,101,4,291,6
management,married,tertiary,jul,29,failure,32,6138,519,2,90,9
technician,married,tertiary,may,14,other,40,253,377,4,280,2
services,married,secondary,feb,5,failure,32,1066,150,1,262,9
retired,married,secondary,oct,15,success,61,938,212,2,92,5
services,married,primary,nov,21,failure,39,1601,219,2,182,2
blue-collar,married,secondary,may,13,other,39,1419,9,12,349,1
technician,single,secondary,may,13,other,39,0,6,7,175,4
retired,single,tertiary,feb,1,failure,72,1285,280,2,91,7
blue-collar,married,secondary,sep,15,success,34,262,89,2,106,1
services,divorced,secondary,jun,2,failure,56,935,136,1,96,3
housemaid,married,secondary,may,12,failure,32,0,549,1,368,2
blue-collar,married,primary,may,12,other,41,164,150,4,330,11
management,divorced,tertiary,feb,2,other,46,665,158,2,207,1
services,divorced,secondary,apr,20,failure,43,266,79,1,152,1
blue-collar,married,primary,may,12,failure,40,1411,224,2,357,2
entrepreneur,married,tertiary,nov,20,failure,38,898,80,5,198,2
services,single,secondary,feb,2,failure,38,-196,60,1,271,1
blue-collar,single,secondary,may,13,failure,31,397,134,1,350,7
technician,married,secondary,jul,26,failure,40,0,105,2,172,1
admin.,single,secondary,may,12,failure,28,242,256,1,349,1
student,single,tertiary,nov,12,failure,27,5291,192,2,92,2
management,divorced,tertiary,jul,2,success,39,224,194,2,88,1
services,divorced,secondary,apr,17,failure,32,453,329,1,150,2
admin.,married,secondary,apr,15,failure,35,5250,343,2,146,1
management,married,tertiary,may,25,failure,38,93,74,1,272,4
admin.,married,secondary,may,12,failure,55,859,148,6,308,1
management,married,tertiary,nov,19,failure,39,12855,108,4,173,1
management,single,tertiary,sep,17,failure,25,553,113,4,479,1
management,single,tertiary,nov,19,failure,30,234,206,1,169,2
retired,married,primary,may,24,failure,78,680,838,1,89,9
management,married,primary,may,14,success,56,870,220,1,179,1
services,married,secondary,jun,12,failure,37,3,105,4,318,6
retired,married,tertiary,apr,20,failure,60,2194,31,3,263,9
services,single,secondary,jun,15,other,35,1701,175,1,67,3
blue-collar,divorced,primary,apr,9,failure,51,155,220,1,142,1
admin.,divorced,secondary,aug,10,success,55,1693,247,1,102,3
management,married,tertiary,may,14,other,49,85,590,5,359,1
unemployed,divorced,secondary,may,13,other,44,2108,152,2,369,1
management,single,tertiary,apr,20,failure,32,4262,246,1,152,1
technician,single,secondary,feb,4,failure,28,34,16,6,268,4
unemployed,married,secondary,nov,17,failure,44,0,58,1,195,2
blue-collar,married,primary,apr,20,other,32,0,295,3,335,1
technician,married,secondary,nov,17,failure,45,2020,62,1,131,1
services,divorced,secondary,may,15,failure,41,5745,69,3,357,1
management,single,tertiary,oct,29,other,47,159,220,3,155,3
unemployed,married,secondary,mar,23,failure,42,0,158,1,330,12
management,married,tertiary,sep,15,success,48,2351,150,1,105,3
management,married,tertiary,dec,4,success,49,5887,439,3,185,5
blue-collar,married,primary,may,18,other,34,-1,1057,6,355,1
unemployed,married,secondary,nov,20,failure,47,3533,319,1,100,2
technician,single,tertiary,jul,21,failure,34,144,213,3,89,16
blue-collar,married,primary,may,12,failure,40,1397,58,2,334,1
blue-collar,single,secondary,apr,8,other,36,1822,952,1,323,1
technician,single,secondary,may,7,failure,32,1210,107,1,344,4
housemaid,divorced,secondary,oct,27,success,38,70,255,3,148,1
management,married,tertiary,nov,17,success,49,64,208,1,159,1
blue-collar,married,secondary,may,6,success,29,751,211,1,288,5
technician,single,tertiary,feb,5,failure,31,1109,642,1,167,2
technician,married,tertiary,jun,12,failure,29,858,234,7,330,1
unemployed,married,secondary,may,13,failure,51,-13,361,1,364,1
technician,single,secondary,nov,21,failure,33,920,58,1,122,4
entrepreneur,married,primary,may,13,failure,45,58,119,3,371,3
admin.,single,secondary,nov,20,failure,34,4436,292,2,178,6
services,married,tertiary,feb,4,other,30,1019,155,1,234,1
management,married,tertiary,aug,7,failure,41,2226,182,2,99,1
services,married,secondary,may,6,failure,48,2597,182,2,355,1
self-employed,married,tertiary,aug,14,failure,33,263,257,1,102,2
self-employed,married,tertiary,nov,16,failure,42,10072,137,3,208,1
housemaid,married,primary,jul,15,success,64,768,250,2,182,1
services,single,secondary,feb,25,other,33,1852,371,1,204,3
management,divorced,tertiary,oct,1,success,41,3426,302,1,119,5
management,single,tertiary,may,26,other,34,0,197,2,98,1
housemaid,married,tertiary,jan,18,success,63,1528,309,2,95,3
management,single,tertiary,sep,14,success,28,1720,230,1,91,4
services,married,secondary,apr,17,failure,36,456,294,1,319,4
blue-collar,single,secondary,apr,16,other,31,1205,462,1,328,2
blue-collar,married,primary,apr,17,failure,38,398,239,1,332,1
retired,single,secondary,may,15,failure,25,366,102,2,364,2
management,married,tertiary,may,13,success,37,2987,216,1,87,10
student,single,secondary,jul,1,failure,19,526,174,1,199,3
management,married,primary,may,22,success,42,5310,545,2,186,1
technician,single,tertiary,jul,5,success,30,0,140,1,424,8
blue-collar,married,primary,nov,21,failure,52,4793,61,3,168,2
technician,married,secondary,may,14,failure,35,222,165,5,177,7
admin.,single,secondary,may,18,other,24,3505,317,1,355,1
services,single,secondary,may,15,failure,56,-40,311,1,368,2
student,single,tertiary,apr,6,failure,27,13107,661,1,314,2
self-employed,single,tertiary,jun,19,other,28,442,474,3,95,3
entrepreneur,married,secondary,may,15,failure,29,422,69,3,361,2
technician,married,tertiary,aug,13,failure,40,99,220,2,364,2
technician,married,secondary,jul,16,other,33,183,457,2,182,3
management,married,tertiary,aug,12,success,31,1812,112,1,104,1
technician,married,secondary,aug,12,failure,59,116,398,4,422,3
management,single,tertiary,apr,17,failure,48,191,222,1,326,1
technician,married,secondary,may,11,failure,36,432,61,3,255,2
technician,married,secondary,may,8,failure,44,533,153,4,171,3
management,married,tertiary,may,7,failure,52,0,541,3,343,5
technician,married,tertiary,nov,8,success,38,88,282,2,186,4
management,married,tertiary,may,15,other,35,-10,168,2,364,1
blue-collar,married,primary,feb,4,other,59,616,253,3,215,2
blue-collar,married,secondary,may,14,failure,28,373,10,9,344,1
management,married,tertiary,jan,28,failure,35,436,507,1,184,4
management,single,tertiary,may,8,failure,37,4543,137,1,340,5
admin.,divorced,secondary,oct,12,success,60,12039,261,1,187,1
technician,married,secondary,jun,2,failure,29,23,163,1,55,2
blue-collar,single,secondary,apr,20,failure,33,15341,335,1,334,3
blue-collar,single,tertiary,may,18,failure,34,-303,17,5,355,2
self-employed,married,secondary,may,12,other,50,0,352,2,175,11
management,married,tertiary,may,11,failure,55,154,70,2,367,3
entrepreneur,married,secondary,nov,20,failure,31,1539,67,6,177,9
management,single,tertiary,aug,31,failure,49,5689,470,1,97,3
technician,married,secondary,sep,3,success,43,4945,219,3,185,2
technician,married,secondary,nov,18,failure,44,10888,67,1,105,1
admin.,single,secondary,may,14,failure,26,681,336,2,322,3
student,single,secondary,apr,30,success,25,2354,149,1,84,7
management,single,tertiary,apr,30,failure,31,2915,228,1,86,1
self-employed,married,tertiary,feb,6,failure,47,-80,150,3,270,2
management,divorced,tertiary,may,7,failure,54,0,199,1,297,3
management,divorced,tertiary,nov,17,other,59,3552,690,1,123,7
technician,married,secondary,feb,5,failure,45,858,617,4,251,2
management,single,tertiary,nov,20,failure,41,195,125,1,167,2
management,single,tertiary,may,8,failure,36,1531,81,3,170,1
management,divorced,primary,feb,5,other,44,641,79,2,269,3
admin.,married,secondary,may,6,failure,36,788,403,1,345,1
technician,divorced,secondary,nov,19,other,46,111,178,3,183,2
admin.,married,secondary,oct,26,failure,40,0,87,2,200,2
unemployed,single,tertiary,nov,9,success,41,79,394,1,390,2
technician,married,secondary,jan,28,failure,44,-199,692,2,247,3
services,single,secondary,nov,13,success,31,181,239,2,93,2
services,divorced,secondary,mar,18,success,54,0,362,1,290,3
management,divorced,tertiary,jul,2,failure,50,405,146,1,91,6
management,married,tertiary,sep,9,failure,34,158,278,2,132,4
management,married,tertiary,may,4,success,60,5041,8,7,181,1
retired,married,secondary,feb,5,other,45,900,508,4,266,4
management,single,tertiary,jun,15,success,27,2786,270,2,377,3
services,married,secondary,may,15,other,39,435,411,6,175,3
management,single,tertiary,nov,19,failure,33,923,1307,3,173,6
management,married,tertiary,oct,13,success,38,413,252,2,183,3
admin.,married,tertiary,aug,11,success,40,1108,170,2,112,1
services,divorced,secondary,may,7,failure,45,608,1135,3,323,30
technician,married,tertiary,oct,6,failure,34,0,89,1,133,1
management,divorced,tertiary,nov,2,failure,55,2037,209,2,273,1
admin.,married,secondary,aug,14,failure,33,1737,228,2,106,2
management,divorced,tertiary,nov,19,success,39,4692,214,2,174,2
unemployed,married,secondary,sep,8,success,60,957,246,1,184,3
services,single,tertiary,feb,4,success,29,1788,303,1,100,1
admin.,single,secondary,feb,4,other,33,304,160,2,212,2
management,married,tertiary,nov,4,failure,34,1778,358,1,162,2
management,married,tertiary,may,4,success,50,346,76,2,87,1
blue-collar,single,secondary,apr,20,failure,37,2235,419,2,151,2
management,divorced,tertiary,may,11,failure,45,839,340,1,264,4
blue-collar,married,primary,may,4,failure,33,5151,124,3,165,5
management,single,tertiary,aug,13,failure,30,499,92,2,90,1
technician,single,primary,feb,6,other,56,145,124,2,9,2
blue-collar,married,secondary,apr,20,success,36,0,240,1,326,1
management,married,tertiary,nov,18,failure,32,3107,165,2,116,1
admin.,single,secondary,may,7,failure,37,22,28,2,289,5
admin.,single,secondary,feb,4,failure,37,115,187,1,83,9
retired,married,secondary,jan,26,success,77,4112,1616,1,95,2
self-employed,divorced,tertiary,apr,30,other,44,1070,381,1,160,2
management,married,tertiary,nov,18,failure,30,1185,342,2,120,4
technician,single,secondary,apr,8,failure,50,-97,425,1,306,2
technician,married,tertiary,jul,28,failure,49,0,67,5,252,1
management,married,tertiary,apr,16,failure,39,63,479,1,330,1
blue-collar,married,secondary,may,11,failure,37,1165,304,3,173,7
blue-collar,married,secondary,nov,12,success,34,320,413,1,92,3
retired,married,primary,jun,3,failure,56,1947,124,1,34,2
management,married,tertiary,jun,14,success,36,495,187,1,94,9
management,married,tertiary,may,13,failure,50,2809,200,2,259,9
admin.,married,secondary,aug,28,failure,32,31,125,2,95,1
technician,married,tertiary,sep,23,other,35,0,112,1,62,6
blue-collar,single,tertiary,aug,11,failure,32,60,248,2,462,1
self-employed,married,secondary,nov,20,failure,55,12159,142,2,174,2
blue-collar,divorced,secondary,may,11,failure,43,898,405,1,174,3
technician,single,tertiary,nov,18,failure,30,0,342,2,174,1
technician,married,secondary,aug,16,success,33,484,205,3,182,9
technician,single,tertiary,apr,30,failure,32,696,270,2,293,2
services,married,secondary,aug,3,success,56,1989,279,4,181,4
self-employed,married,tertiary,apr,14,failure,27,10005,163,3,271,2
services,single,secondary,jan,29,failure,30,9,194,2,205,2
management,divorced,tertiary,feb,4,failure,39,-980,52,2,260,1
services,married,secondary,feb,12,success,38,775,1835,3,182,2
management,divorced,tertiary,feb,3,failure,41,-78,69,4,252,4
management,single,tertiary,sep,16,failure,34,417,99,2,135,3
retired,married,primary,jan,27,success,81,243,340,1,92,1
technician,single,secondary,feb,11,success,44,451,203,1,183,2
blue-collar,married,secondary,may,13,failure,30,975,256,2,351,2
management,divorced,tertiary,jan,29,failure,49,557,145,1,223,5
technician,single,tertiary,may,7,other,32,2626,217,2,351,2
blue-collar,married,primary,jan,29,other,47,613,49,3,255,2
management,divorced,tertiary,jun,2,success,54,496,161,1,140,3
student,single,tertiary,sep,28,other,28,0,294,2,105,7
management,married,tertiary,may,6,failure,58,0,293,1,351,2
management,single,tertiary,feb,6,other,35,1064,69,2,261,1
admin.,divorced,secondary,may,14,failure,41,783,135,3,363,2
management,married,tertiary,aug,10,failure,33,1514,447,1,728,2
admin.,married,tertiary,apr,30,failure,43,279,155,1,164,1
management,single,tertiary,nov,19,success,32,2667,197,1,99,2
management,married,tertiary,may,10,success,46,273,583,6,53,6
retired,divorced,secondary,jan,27,success,69,4572,185,2,92,3
management,single,tertiary,feb,9,success,33,935,385,2,92,8
admin.,married,secondary,sep,3,failure,44,764,232,1,213,1
management,divorced,tertiary,may,6,failure,51,318,102,2,355,2
technician,married,secondary,may,18,failure,34,118,53,4,262,2
unemployed,divorced,primary,apr,20,failure,45,757,103,1,325,4
student,single,tertiary,apr,8,failure,34,3404,420,1,139,5
admin.,married,secondary,may,25,success,38,755,531,1,97,1
blue-collar,married,secondary,feb,6,failure,29,247,204,2,214,1
services,single,secondary,may,11,failure,39,322,35,1,350,1
blue-collar,married,secondary,nov,19,other,31,1570,133,2,180,1
entrepreneur,married,tertiary,aug,11,success,65,2331,425,1,183,2
blue-collar,married,primary,apr,9,failure,51,5131,348,1,329,2
blue-collar,single,secondary,feb,3,failure,47,152,193,3,271,4
blue-collar,married,secondary,may,13,failure,40,125,119,2,370,1
blue-collar,married,secondary,may,21,success,47,1568,226,3,91,8
technician,single,secondary,apr,17,failure,28,16,268,1,333,1
technician,single,secondary,jan,29,failure,28,527,161,2,265,1
management,married,secondary,feb,4,failure,39,794,71,1,243,3
technician,married,tertiary,sep,8,success,31,1570,213,4,184,5
services,married,secondary,may,14,other,32,687,415,3,296,2
blue-collar,married,primary,feb,9,failure,49,474,152,3,221,1
admin.,divorced,secondary,oct,26,failure,56,1693,238,4,442,4
management,married,tertiary,aug,12,success,32,1331,93,1,104,4
blue-collar,single,primary,apr,16,failure,32,528,219,1,273,1
entrepreneur,divorced,secondary,jan,30,other,45,44,250,2,2,1
management,married,tertiary,feb,2,other,31,4015,95,2,241,3
retired,married,secondary,jun,18,other,71,29941,80,1,71,3
management,married,tertiary,sep,23,failure,46,7485,145,1,779,2
entrepreneur,married,tertiary,nov,21,failure,40,2644,110,2,185,1
blue-collar,married,primary,may,11,failure,53,238,238,2,361,5
management,single,tertiary,aug,18,failure,37,688,95,3,174,5
student,single,tertiary,feb,5,other,31,2010,15,5,261,1
management,married,tertiary,feb,4,other,56,-762,19,10,7,5
blue-collar,divorced,primary,nov,11,success,53,4401,241,1,92,1
blue-collar,single,secondary,mar,13,other,28,387,61,11,282,1
technician,married,secondary,nov,17,failure,43,0,103,2,193,3
admin.,single,tertiary,may,26,failure,36,635,80,1,102,1
blue-collar,married,primary,may,18,failure,38,5643,106,2,362,1
management,single,tertiary,apr,20,other,30,638,483,2,291,6
services,married,secondary,jun,4,success,31,447,327,3,77,3
technician,single,tertiary,may,14,other,38,744,283,1,288,12
retired,married,primary,jul,20,success,73,1388,146,3,190,3
retired,married,primary,jun,14,other,62,1742,167,2,98,6
blue-collar,married,secondary,apr,16,other,48,113,255,2,318,5
management,single,tertiary,feb,13,failure,33,3552,158,2,85,3
admin.,single,tertiary,jan,28,other,32,291,223,6,275,5
admin.,married,secondary,apr,17,failure,34,1467,113,1,332,2
services,married,tertiary,may,6,failure,36,260,167,3,299,2
blue-collar,married,secondary,nov,18,failure,33,157,110,1,182,1
admin.,single,secondary,sep,8,success,25,1871,260,1,96,1
services,single,secondary,apr,3,failure,31,695,314,1,318,1
management,married,tertiary,jun,5,success,57,256,304,2,91,1
technician,single,secondary,aug,11,failure,35,920,159,2,286,6
management,divorced,tertiary,jul,30,other,47,-130,221,4,431,5
unemployed,married,primary,jul,28,success,39,7005,429,2,184,3
management,married,tertiary,jan,30,other,31,1384,203,2,2,3
technician,single,tertiary,apr,16,other,33,617,282,2,259,4
technician,married,secondary,sep,22,failure,41,1819,397,1,371,3
retired,married,tertiary,aug,19,failure,57,1458,250,1,107,5
management,married,secondary,nov,17,failure,57,1502,340,2,109,11
retired,married,secondary,may,17,failure,73,2850,157,2,28,5
self-employed,married,tertiary,nov,9,failure,60,10861,98,1,91,2
technician,divorced,secondary,may,6,failure,32,3345,118,1,260,3
services,single,secondary,jun,18,other,26,1347,280,6,92,5
management,single,tertiary,aug,12,failure,36,3850,239,2,100,4
management,single,tertiary,jul,2,success,28,12956,940,1,399,3
admin.,married,tertiary,jun,15,success,51,0,177,4,99,2
technician,divorced,secondary,feb,10,failure,39,902,691,2,180,5
technician,divorced,secondary,may,4,success,38,902,301,3,90,1
student,single,secondary,nov,4,other,18,156,298,2,82,4
admin.,married,secondary,feb,27,failure,36,725,123,3,99,8
unemployed,single,tertiary,may,4,success,35,415,164,2,89,2
student,single,primary,nov,13,success,18,608,210,1,93,1
blue-collar,married,secondary,may,8,failure,43,490,216,2,368,2
management,single,tertiary,feb,2,failure,39,-145,268,2,196,2
blue-collar,single,primary,apr,7,success,39,581,620,1,39,2
retired,married,primary,nov,13,success,76,3324,122,1,92,3
management,single,tertiary,jun,30,failure,43,0,275,2,296,1
blue-collar,married,secondary,nov,18,success,41,1954,65,1,110,2
management,married,tertiary,feb,2,success,60,553,343,1,210,3
self-employed,married,secondary,may,4,success,36,188,1046,3,333,2
technician,single,tertiary,nov,21,failure,51,11222,126,2,171,7
technician,married,secondary,jan,28,failure,47,487,218,2,177,1
technician,divorced,secondary,aug,17,success,45,982,123,2,454,3
management,married,tertiary,nov,10,success,67,405,344,2,95,2
retired,married,tertiary,oct,26,failure,59,1425,151,2,77,3
management,married,tertiary,may,8,failure,46,716,557,1,172,1
technician,divorced,secondary,may,6,failure,37,141,848,1,364,3
technician,single,secondary,oct,21,other,35,70,197,2,188,2
blue-collar,married,secondary,may,4,success,28,61,226,2,319,1
admin.,single,secondary,nov,21,failure,40,877,12,3,177,6
blue-collar,married,primary,nov,21,failure,50,0,281,2,191,2
management,single,tertiary,may,6,other,32,-248,109,1,315,20
blue-collar,married,primary,may,5,other,29,6,39,5,349,2
unemployed,single,secondary,feb,5,failure,30,79,528,2,196,1
blue-collar,married,primary,may,11,failure,35,151,301,2,298,6
blue-collar,divorced,primary,may,7,failure,44,-57,234,1,356,2
services,married,secondary,may,8,failure,47,759,75,1,323,2
management,married,secondary,nov,18,failure,32,6217,486,2,181,2
management,married,tertiary,nov,17,other,39,500,257,1,178,2
services,single,tertiary,aug,11,failure,42,94,176,2,90,4
unemployed,single,tertiary,aug,14,failure,33,1974,498,2,191,1
management,single,tertiary,may,14,failure,32,499,182,1,339,2
retired,married,primary,nov,9,failure,63,3738,301,1,456,4
blue-collar,married,secondary,may,8,failure,44,1343,414,2,287,2
technician,married,secondary,feb,4,failure,38,318,383,1,181,5
admin.,single,tertiary,aug,7,success,32,4041,325,1,99,2
technician,single,tertiary,apr,6,failure,37,3943,1138,2,138,1
student,single,tertiary,jul,8,success,26,10086,475,3,78,2
housemaid,married,secondary,aug,5,failure,47,3940,226,3,97,2
student,single,secondary,may,11,failure,20,291,172,5,371,5
management,divorced,tertiary,sep,22,success,44,2367,263,1,184,6
services,divorced,secondary,may,13,failure,42,83,300,5,358,6
management,single,tertiary,oct,2,success,26,170,160,2,109,1
services,married,secondary,may,11,failure,34,-333,218,4,285,5
management,single,tertiary,mar,22,success,31,3384,247,3,187,3
student,single,secondary,may,11,failure,30,948,150,1,370,2
management,married,tertiary,nov,20,failure,43,5670,43,4,189,2
blue-collar,married,primary,feb,5,success,40,665,177,3,211,1
services,married,tertiary,aug,16,other,60,4256,239,3,761,1
technician,single,secondary,jan,29,failure,27,261,236,2,247,2
technician,married,secondary,apr,16,failure,35,545,1579,1,234,4
management,single,tertiary,feb,4,other,33,1240,505,2,260,1
technician,single,secondary,may,15,failure,30,28,778,5,301,1
blue-collar,married,secondary,apr,17,failure,34,1134,408,1,329,2
blue-collar,married,secondary,may,14,failure,50,-581,877,2,345,5
admin.,divorced,secondary,may,18,failure,48,-480,380,2,355,1
retired,married,tertiary,sep,9,failure,84,4761,1405,1,92,3
blue-collar,single,tertiary,apr,20,failure,35,1011,36,2,349,1
blue-collar,married,secondary,apr,20,failure,24,0,83,3,306,4
services,married,secondary,apr,20,failure,34,790,579,2,350,1
admin.,single,secondary,apr,30,success,25,483,68,1,86,1
blue-collar,married,primary,apr,16,failure,54,3170,140,2,324,4
services,divorced,secondary,apr,15,failure,40,1062,389,2,299,4
blue-collar,divorced,secondary,apr,16,failure,38,614,314,2,331,1
admin.,divorced,secondary,may,11,failure,33,-331,186,2,350,3
management,married,tertiary,apr,6,failure,50,101,43,2,326,1
technician,married,secondary,nov,17,failure,51,563,504,1,123,3
blue-collar,single,secondary,feb,5,failure,37,111,60,2,272,2
services,married,secondary,apr,20,failure,39,18,155,1,154,2
management,married,secondary,may,6,failure,49,99,687,2,343,1
unemployed,single,secondary,may,4,failure,40,356,225,2,339,2
self-employed,married,primary,may,13,other,40,2077,363,1,173,24
management,married,tertiary,feb,5,failure,35,1557,225,1,268,1
management,single,tertiary,jan,28,failure,48,-295,121,1,190,2
management,married,tertiary,sep,3,failure,36,86,104,1,380,3
services,married,secondary,apr,17,failure,34,4963,208,1,332,2
technician,married,secondary,feb,18,failure,52,195,220,1,63,5
blue-collar,married,secondary,may,11,failure,43,704,28,2,306,1
technician,married,secondary,may,18,failure,27,876,268,1,355,1
management,married,tertiary,nov,18,failure,44,756,65,1,130,2
management,single,tertiary,may,12,failure,40,1509,333,1,58,3
blue-collar,single,secondary,apr,16,failure,30,445,218,1,330,2
management,married,tertiary,feb,4,other,56,856,70,4,7,7
services,married,secondary,apr,17,other,30,-43,79,1,325,2
blue-collar,married,primary,feb,6,success,41,0,620,4,200,4
self-employed,divorced,secondary,nov,19,failure,52,1291,559,1,169,2
admin.,married,primary,may,11,other,45,542,8,5,350,3
entrepreneur,married,secondary,aug,4,success,63,3904,250,2,187,2
admin.,married,tertiary,oct,26,failure,40,1108,61,2,76,3
self-employed,married,tertiary,feb,2,failure,53,451,125,1,249,2
blue-collar,divorced,secondary,apr,3,failure,55,1613,296,1,270,3
blue-collar,married,primary,may,15,failure,33,1138,122,2,343,4
management,single,tertiary,nov,11,failure,35,612,158,1,195,1
management,married,tertiary,nov,19,success,30,314,364,2,175,2
management,divorced,tertiary,nov,20,failure,39,155,20,6,153,26
admin.,married,secondary,apr,17,failure,31,8295,218,1,149,1
management,married,tertiary,aug,7,failure,46,4693,79,1,394,2
self-employed,single,secondary,feb,5,success,26,1242,205,2,253,2
management,married,tertiary,feb,3,failure,36,1582,26,2,197,1
self-employed,married,secondary,apr,30,success,45,706,78,2,176,1
admin.,married,secondary,may,5,failure,27,3160,209,5,343,1
blue-collar,married,secondary,may,14,failure,32,822,19,8,366,6
management,married,tertiary,may,4,failure,35,520,458,3,17,5
technician,single,tertiary,feb,3,failure,33,390,161,1,256,1
blue-collar,married,primary,may,14,other,35,2212,320,2,353,4
housemaid,married,secondary,apr,16,failure,54,736,268,1,331,1
management,single,tertiary,nov,21,other,32,616,186,2,109,1
retired,single,tertiary,jul,29,success,69,2144,417,1,184,4
blue-collar,single,secondary,may,11,other,52,201,412,1,301,3
unemployed,married,secondary,jul,15,failure,42,1289,250,4,415,2
technician,married,secondary,feb,8,failure,34,3000,215,3,221,1
self-employed,married,tertiary,mar,12,failure,33,1676,102,2,184,2
technician,married,tertiary,jun,24,success,31,3338,122,2,185,2
management,divorced,tertiary,may,13,failure,42,47,222,2,370,1
management,single,tertiary,nov,4,failure,31,220,257,2,184,2
management,divorced,tertiary,may,4,success,53,2152,520,2,80,3
self-employed,single,tertiary,mar,29,success,30,916,92,2,90,2
technician,married,secondary,feb,3,other,37,1116,18,6,201,7
technician,single,secondary,may,8,failure,34,1866,134,3,185,1
technician,married,secondary,jan,29,other,34,1137,383,2,206,1
management,married,tertiary,apr,9,other,39,272,85,1,325,1
technician,married,secondary,nov,20,failure,58,5618,361,2,189,1
blue-collar,married,secondary,may,12,failure,32,1787,87,4,357,4
management,married,primary,feb,4,failure,56,199,331,2,209,1
technician,divorced,tertiary,jun,1,failure,41,2611,129,1,314,2
self-employed,married,tertiary,nov,18,success,52,5350,68,2,110,4
technician,married,secondary,may,14,other,33,318,108,4,342,14
blue-collar,married,secondary,apr,20,other,51,-237,379,3,320,2
technician,married,tertiary,oct,27,success,71,383,327,2,183,3
blue-collar,divorced,primary,may,6,failure,35,4401,316,2,279,4
blue-collar,single,secondary,may,13,failure,34,39,254,2,299,3
management,divorced,tertiary,feb,19,failure,56,722,134,3,94,2
self-employed,divorced,tertiary,jul,13,failure,38,6447,316,3,182,1
management,divorced,tertiary,may,6,failure,52,1988,88,1,299,1
admin.,single,secondary,may,12,failure,53,545,305,1,370,1
blue-collar,married,secondary,may,14,other,44,466,158,5,350,1
services,married,secondary,apr,16,failure,33,1397,370,1,146,3
blue-collar,single,secondary,may,12,other,39,631,57,2,344,8
management,single,tertiary,apr,13,success,32,2016,232,1,348,1
blue-collar,married,primary,apr,7,failure,31,1601,615,1,137,3
admin.,married,primary,may,5,failure,52,576,139,1,286,1
services,married,secondary,may,13,other,33,1078,320,4,175,4
entrepreneur,single,tertiary,nov,21,success,31,-405,846,1,100,2
management,married,secondary,may,27,other,58,139,188,1,161,2
admin.,married,secondary,may,6,failure,29,2,339,1,362,1
management,single,tertiary,feb,4,other,33,641,147,1,253,7
unemployed,divorced,secondary,jan,30,other,47,0,127,2,233,8
management,married,tertiary,nov,17,failure,44,724,157,2,172,1
admin.,married,secondary,nov,21,failure,38,505,119,1,157,2
admin.,married,secondary,may,18,failure,29,22171,44,1,355,3
services,single,secondary,may,18,failure,35,719,1359,3,368,3
retired,married,secondary,may,20,failure,58,1230,420,1,87,1
technician,single,secondary,sep,6,other,26,1105,415,1,297,3
management,married,tertiary,apr,13,failure,62,0,113,3,182,3
admin.,single,secondary,may,18,failure,37,16,488,5,336,2
admin.,married,secondary,jul,8,failure,55,865,105,1,82,2
services,single,secondary,jun,5,other,21,361,329,1,95,1
management,single,tertiary,feb,2,failure,26,0,145,1,199,1
unemployed,married,secondary,may,25,failure,54,1561,352,3,186,2
admin.,married,secondary,apr,17,failure,39,260,146,1,281,1
blue-collar,single,secondary,apr,30,other,29,734,259,1,296,1
technician,married,secondary,jan,28,other,31,0,71,1,223,9
management,single,tertiary,aug,12,failure,61,2,131,1,114,3
services,married,secondary,apr,17,other,34,2021,51,6,148,8
blue-collar,married,primary,may,13,other,42,21,383,5,288,11
entrepreneur,divorced,tertiary,apr,12,success,51,2109,119,1,181,2
services,married,secondary,nov,21,failure,57,2658,107,1,190,1
blue-collar,married,secondary,nov,19,failure,45,2926,482,3,120,2
management,married,tertiary,may,14,success,46,349,466,4,88,3
admin.,single,tertiary,feb,15,success,30,41,68,4,186,2
admin.,single,secondary,apr,17,failure,34,598,365,1,324,1
management,married,tertiary,nov,4,success,61,6016,199,1,275,3
self-employed,divorced,secondary,feb,6,failure,27,165,1160,2,192,4
retired,divorced,secondary,apr,22,failure,64,4833,247,2,251,1
admin.,single,secondary,oct,21,other,42,-247,519,1,166,1
admin.,single,secondary,may,13,other,41,334,14,4,331,22
blue-collar,married,secondary,may,14,failure,43,30,60,5,371,2
management,single,tertiary,sep,7,failure,45,1411,800,2,102,3
blue-collar,married,secondary,may,11,failure,29,228,12,8,342,9
blue-collar,single,secondary,jan,30,failure,33,22,76,2,207,1
admin.,married,primary,apr,3,failure,56,0,353,2,227,4
admin.,single,secondary,feb,2,failure,43,-247,751,2,76,4
blue-collar,single,primary,may,18,other,34,18,324,4,360,3
services,single,primary,may,18,other,26,-32,486,2,336,6
admin.,single,secondary,jan,25,success,46,1693,137,1,97,1
technician,single,tertiary,nov,18,failure,30,3,54,1,195,1
blue-collar,married,secondary,jun,2,other,46,1568,310,1,55,6
services,single,secondary,may,18,failure,23,279,843,1,370,1
services,married,secondary,apr,7,failure,33,387,327,2,138,2
technician,married,tertiary,nov,16,failure,35,3160,445,2,95,1
technician,married,tertiary,feb,3,failure,50,199,116,2,253,1
blue-collar,married,secondary,feb,2,failure,43,597,87,1,263,1
blue-collar,married,primary,may,12,other,49,3028,216,2,259,3
management,married,secondary,jun,18,failure,42,6526,133,2,399,3
admin.,divorced,secondary,may,15,other,31,360,332,1,297,2
services,married,secondary,may,8,failure,39,-762,40,6,343,2
technician,married,secondary,apr,6,failure,35,5553,371,3,136,7
retired,married,secondary,apr,3,failure,56,3948,484,1,135,3
admin.,married,secondary,sep,1,success,55,8304,193,1,92,1
management,married,tertiary,feb,18,failure,33,2213,240,1,385,9
blue-collar,married,primary,may,14,failure,47,-169,172,2,310,1
technician,married,secondary,nov,19,failure,53,2818,131,1,126,7
management,married,tertiary,aug,2,other,33,7154,153,4,129,4
admin.,single,secondary,may,18,failure,29,305,18,4,304,1
unemployed,married,tertiary,nov,20,failure,49,-471,77,3,185,7
blue-collar,single,secondary,jan,27,success,38,0,240,1,92,4
technician,single,secondary,oct,23,failure,35,183,281,1,52,4
management,single,tertiary,may,12,failure,31,2592,349,2,174,1
management,married,tertiary,feb,4,other,37,1639,207,3,272,3
admin.,married,secondary,apr,17,failure,54,426,74,2,323,1
technician,married,secondary,may,7,failure,54,6,109,1,367,1
entrepreneur,single,tertiary,jan,29,failure,38,-274,103,1,247,2
blue-collar,married,primary,may,12,failure,52,-637,161,5,174,2
management,single,tertiary,may,12,failure,36,687,43,1,347,2
admin.,married,primary,feb,4,failure,43,392,110,1,208,2
services,single,secondary,may,12,failure,30,-158,426,1,370,2
management,married,tertiary,aug,5,success,48,1147,389,1,64,2
admin.,divorced,secondary,may,7,other,38,673,429,1,170,3
admin.,single,secondary,nov,20,failure,34,296,68,1,136,4
self-employed,married,tertiary,apr,21,other,43,3157,381,2,330,17
admin.,married,secondary,apr,22,failure,52,0,91,2,275,1
blue-collar,married,secondary,apr,17,other,38,8444,39,2,324,1
retired,divorced,secondary,feb,8,failure,79,631,105,2,181,1
blue-collar,married,primary,may,18,failure,32,-454,801,5,355,2
blue-collar,married,primary,aug,25,failure,37,106,511,1,392,13
admin.,single,secondary,may,15,failure,21,66,31,1,330,2
admin.,single,secondary,apr,17,success,31,223,508,1,315,11
blue-collar,single,primary,may,7,failure,28,553,225,3,321,3
unemployed,married,secondary,feb,11,success,33,1211,535,1,188,1
admin.,single,secondary,aug,6,other,30,81,121,6,112,3
housemaid,married,secondary,may,11,failure,40,4136,508,3,173,5
blue-collar,married,secondary,nov,19,failure,57,5935,90,2,198,1
technician,married,secondary,may,8,failure,36,23,152,2,347,1
retired,married,primary,aug,14,other,67,10776,176,2,99,17
technician,married,secondary,oct,23,success,60,10925,270,3,185,1
management,married,secondary,may,12,success,66,587,457,2,392,2
blue-collar,married,primary,may,12,failure,44,887,165,2,363,1
blue-collar,married,primary,may,8,success,37,403,318,2,338,1
admin.,married,secondary,may,14,failure,47,1934,225,1,364,1
technician,married,secondary,jun,1,failure,36,1368,516,1,292,5
student,single,secondary,oct,21,failure,27,1164,256,2,104,2
admin.,single,tertiary,may,6,other,34,18,285,1,288,17
blue-collar,married,primary,may,13,other,39,481,197,3,357,1
entrepreneur,married,secondary,may,15,failure,39,2139,576,4,371,1
blue-collar,married,secondary,apr,17,other,29,577,501,3,331,10
housemaid,married,primary,sep,11,failure,58,4605,339,1,38,1
admin.,single,tertiary,feb,6,failure,31,383,119,1,214,1
housemaid,married,secondary,jan,30,other,39,953,23,6,232,3
entrepreneur,married,tertiary,nov,20,other,55,3459,88,2,112,3
blue-collar,married,secondary,may,15,failure,32,2,16,9,309,1
retired,married,secondary,nov,19,failure,55,3948,149,1,170,2
blue-collar,married,primary,may,13,failure,55,-636,15,5,348,3
blue-collar,married,secondary,nov,18,failure,41,1100,397,1,173,2
technician,divorced,secondary,may,18,failure,38,1559,22,6,179,10
student,single,secondary,may,18,other,28,404,33,2,367,4
entrepreneur,married,secondary,feb,5,other,44,320,269,3,234,2
student,single,tertiary,aug,16,other,24,1592,98,3,111,5
blue-collar,single,primary,apr,20,failure,40,1530,8,3,315,1
self-employed,divorced,secondary,may,13,failure,43,484,180,2,173,6
student,married,tertiary,may,8,failure,35,387,1024,3,347,3
blue-collar,married,secondary,nov,21,failure,45,392,391,2,127,2
retired,married,secondary,aug,11,other,64,504,157,1,14,3
blue-collar,divorced,secondary,apr,20,other,46,168,255,1,336,4
admin.,single,tertiary,jun,2,success,49,228,407,1,92,1
admin.,single,secondary,may,14,failure,33,223,15,11,352,4
blue-collar,married,primary,nov,18,failure,51,1194,714,1,186,3
blue-collar,married,secondary,jan,29,failure,46,521,246,1,226,3
housemaid,married,secondary,aug,7,failure,59,0,107,2,63,1
management,married,secondary,may,12,failure,40,0,223,4,258,3
management,single,tertiary,may,5,success,35,62,214,4,15,3
technician,married,secondary,may,7,failure,35,883,333,1,351,1
student,single,secondary,nov,8,other,22,2488,449,2,38,10
blue-collar,married,secondary,may,18,failure,33,523,18,5,360,5
retired,married,primary,oct,16,failure,65,493,622,1,182,1
blue-collar,married,secondary,may,13,failure,45,577,154,2,350,3
technician,married,secondary,may,12,failure,37,1109,62,1,354,5
student,divorced,primary,may,14,other,35,2755,177,2,345,3
technician,single,tertiary,may,5,failure,27,75,308,1,351,1
admin.,divorced,primary,apr,16,failure,57,207,284,1,317,4
management,divorced,secondary,apr,16,failure,35,124,48,4,146,5
technician,married,secondary,apr,17,other,41,442,261,3,322,1
blue-collar,single,secondary,apr,16,other,32,760,445,1,148,2
technician,married,secondary,aug,14,success,54,0,159,2,106,6
management,married,tertiary,may,11,other,26,5,251,1,304,2
unemployed,married,secondary,nov,17,failure,40,219,204,2,196,1
admin.,single,secondary,apr,26,failure,32,154,135,1,521,2
management,single,tertiary,may,13,failure,39,93,196,2,331,3
blue-collar,married,primary,may,13,failure,42,402,31,7,330,17
blue-collar,married,primary,may,15,failure,45,900,26,1,340,1
retired,married,secondary,jun,22,failure,61,2011,292,1,578,2
retired,married,primary,nov,13,success,71,2600,186,2,98,1
blue-collar,married,primary,apr,16,other,40,-214,348,2,266,1
services,divorced,secondary,nov,21,failure,32,5267,183,1,168,2
blue-collar,married,primary,may,15,failure,39,315,259,3,353,3
retired,married,tertiary,oct,21,failure,69,473,110,1,106,2
technician,single,secondary,jan,29,failure,35,175,219,1,246,1
admin.,single,secondary,apr,16,failure,42,734,332,2,317,3
technician,married,secondary,may,7,success,33,348,263,2,294,1
management,married,secondary,may,15,failure,33,1423,333,2,364,3
management,single,tertiary,may,4,failure,34,308,79,4,269,4
student,single,secondary,dec,4,other,27,91,157,6,95,37
self-employed,married,secondary,may,18,failure,32,-33,158,1,355,3
retired,married,tertiary,aug,10,success,59,1425,489,2,102,1
admin.,married,secondary,aug,6,other,45,476,356,1,364,1
management,married,tertiary,aug,11,failure,45,3857,425,2,190,1
blue-collar,married,primary,feb,2,other,39,541,361,2,258,1
management,single,tertiary,may,26,other,30,938,172,2,105,1
services,married,secondary,apr,2,failure,48,0,146,1,267,1
retired,married,secondary,nov,19,failure,52,424,143,1,154,3
admin.,single,tertiary,feb,8,failure,23,897,190,2,280,8
admin.,single,secondary,nov,19,failure,30,382,369,1,191,1
technician,single,secondary,apr,15,failure,32,674,169,1,316,3
management,single,tertiary,apr,20,failure,39,2357,64,3,273,1
retired,married,primary,feb,24,failure,77,680,513,2,89,7
services,married,tertiary,may,7,failure,51,218,154,3,363,2
blue-collar,married,primary,apr,3,failure,44,612,1091,1,135,1
blue-collar,single,secondary,may,14,other,33,142,123,1,360,3
management,married,tertiary,nov,17,failure,44,58,48,1,126,3
technician,single,secondary,aug,11,failure,55,1199,91,1,99,10
retired,married,secondary,mar,5,failure,60,404,308,2,196,2
management,married,tertiary,apr,1,failure,61,0,158,1,115,2
student,single,tertiary,jun,30,failure,32,64,598,4,105,5
admin.,single,secondary,may,8,other,28,-281,144,4,340,4
admin.,married,secondary,may,7,other,51,3025,476,1,352,1
admin.,divorced,secondary,jun,5,success,35,1085,199,1,86,7
student,single,tertiary,may,12,other,26,2182,42,1,292,1
management,married,secondary,nov,20,failure,34,56,311,3,183,1
management,married,tertiary,may,14,failure,38,89,71,1,360,10
management,married,tertiary,apr,30,success,29,1441,185,1,85,2
student,single,primary,jul,14,other,24,1235,334,4,93,6
management,single,tertiary,nov,16,success,33,2465,139,2,95,1
blue-collar,married,secondary,may,7,failure,40,356,1254,3,365,1
admin.,single,primary,may,15,failure,50,181,119,4,372,3
blue-collar,married,secondary,may,8,failure,30,23,129,2,359,4
management,married,tertiary,nov,17,failure,59,0,90,2,110,2
admin.,single,secondary,jan,29,success,26,338,245,1,92,3
blue-collar,married,primary,jan,29,failure,45,300,203,1,261,3
management,single,tertiary,apr,20,other,30,63,260,1,320,1
blue-collar,married,secondary,nov,19,other,58,1507,255,6,189,1
management,single,tertiary,nov,18,other,44,1356,264,2,134,2
technician,single,tertiary,aug,31,failure,33,2340,65,5,97,3
technician,married,primary,mar,2,other,47,235,136,2,203,1
management,married,tertiary,feb,8,failure,35,62,469,2,185,2
technician,married,tertiary,oct,20,success,39,206,148,2,195,2
admin.,married,secondary,mar,22,success,60,3735,248,1,90,10
retired,married,secondary,apr,6,success,80,8304,681,1,118,11
blue-collar,married,secondary,mar,12,success,46,640,215,1,182,4
services,single,secondary,oct,11,other,28,1347,317,2,108,14
entrepreneur,single,tertiary,may,13,other,33,1481,172,3,173,1
technician,single,tertiary,nov,20,failure,31,1887,225,2,183,1
admin.,single,secondary,aug,13,failure,32,5,200,1,127,1
admin.,single,secondary,jun,4,failure,34,303,282,3,126,3
housemaid,divorced,primary,may,15,failure,51,94,77,1,297,4
technician,married,secondary,jul,6,failure,37,432,386,3,776,55
admin.,divorced,secondary,may,12,failure,34,479,515,1,350,5
self-employed,married,tertiary,feb,3,success,36,506,124,1,92,3
retired,married,secondary,may,18,failure,64,1612,336,1,89,5
technician,single,secondary,may,8,other,29,156,111,4,347,3
services,married,secondary,apr,17,failure,34,210,175,1,332,1
services,married,secondary,apr,7,failure,36,1746,15,1,316,1
admin.,single,secondary,apr,30,success,26,255,457,1,80,1
retired,married,tertiary,aug,6,failure,65,162,280,3,185,2
technician,married,secondary,jun,3,failure,37,6384,254,1,96,2
technician,married,secondary,jun,16,failure,48,1981,404,3,92,5
student,single,secondary,may,15,failure,25,1919,264,1,351,4
management,married,tertiary,apr,7,failure,41,5,542,3,140,3
management,married,tertiary,jan,28,failure,43,344,282,1,238,2
entrepreneur,married,primary,may,8,other,50,300,99,1,339,2
admin.,single,secondary,jun,12,success,30,523,136,3,101,1
blue-collar,married,secondary,may,8,failure,38,395,83,1,367,2
retired,married,tertiary,feb,4,failure,76,0,92,3,169,1
technician,married,secondary,nov,17,failure,52,1818,189,2,111,4
admin.,married,secondary,nov,13,success,39,260,226,1,94,4
admin.,married,secondary,jun,1,success,55,602,324,3,90,2
admin.,married,secondary,apr,16,other,29,2121,281,1,342,2
housemaid,married,primary,aug,12,failure,59,182,90,1,104,2
admin.,divorced,secondary,jan,30,other,45,440,91,1,2,1
blue-collar,married,secondary,apr,17,failure,48,1143,264,1,317,1
services,married,secondary,nov,18,failure,55,3546,588,1,110,2
blue-collar,married,primary,may,5,other,34,6352,338,4,288,2
technician,single,secondary,may,11,other,34,664,88,2,343,2
self-employed,married,secondary,feb,2,failure,38,290,123,1,258,1
management,divorced,tertiary,jan,29,failure,57,1016,462,2,234,5
technician,married,secondary,feb,3,failure,43,473,148,3,211,5
services,married,secondary,dec,3,other,39,323,1804,3,182,3
retired,divorced,tertiary,may,25,failure,60,439,464,1,321,1
management,single,tertiary,oct,6,other,26,1592,604,2,485,5
retired,single,primary,may,8,failure,41,0,239,1,368,2
management,married,tertiary,oct,16,success,50,469,170,1,183,1
blue-collar,married,secondary,sep,10,success,32,889,185,1,99,5
management,single,tertiary,nov,19,failure,30,54,192,1,177,3
management,married,tertiary,jul,26,other,48,612,86,7,292,1
housemaid,married,secondary,may,7,other,26,13,132,2,293,1
blue-collar,married,primary,aug,11,success,42,201,265,1,103,3
management,married,tertiary,jul,6,failure,47,4879,96,3,340,3
blue-collar,married,secondary,may,11,failure,41,2067,208,4,325,4
management,married,secondary,nov,21,failure,31,8629,957,1,184,2
services,married,secondary,may,12,failure,37,335,107,2,368,2
management,married,tertiary,aug,10,other,66,6251,273,2,356,10
admin.,divorced,secondary,may,14,failure,48,-407,210,2,352,1
admin.,single,secondary,feb,3,other,33,901,18,5,6,3
blue-collar,married,secondary,nov,20,failure,53,3815,75,2,149,3
student,single,secondary,nov,9,failure,24,125,263,1,90,1
blue-collar,single,primary,feb,5,failure,29,365,72,1,274,2
admin.,married,secondary,feb,4,success,55,602,390,2,150,6
management,single,tertiary,nov,18,failure,36,0,300,1,96,4
technician,single,secondary,may,26,failure,36,144,87,1,308,2
self-employed,married,tertiary,may,18,other,30,163,149,1,362,8
technician,single,tertiary,apr,20,failure,28,387,205,1,82,1
blue-collar,married,secondary,may,14,failure,39,49,566,1,370,2
admin.,married,secondary,apr,17,failure,55,865,85,1,151,1
services,married,secondary,may,7,failure,58,2745,161,1,324,2
retired,married,primary,apr,23,success,73,796,888,1,182,3
admin.,married,secondary,may,5,failure,30,182,143,1,364,1
technician,single,secondary,may,15,failure,39,12,500,2,352,2
technician,married,secondary,may,6,failure,38,1016,74,2,167,4
blue-collar,single,secondary,aug,16,success,27,535,265,3,95,4
self-employed,married,tertiary,oct,14,other,35,1178,727,3,182,2
technician,single,secondary,aug,10,success,34,2085,356,3,182,2
services,single,secondary,apr,9,failure,31,900,221,2,140,6
blue-collar,married,primary,may,6,failure,38,689,585,2,296,2
technician,divorced,tertiary,may,7,failure,33,2558,680,2,367,2
management,married,tertiary,may,21,failure,51,2635,407,3,74,5
management,married,secondary,feb,22,failure,60,0,230,2,126,6
student,single,tertiary,sep,11,other,27,-148,146,3,224,1
blue-collar,married,secondary,may,7,failure,36,975,186,2,295,1
blue-collar,married,primary,feb,2,other,55,145,59,3,5,2
management,married,tertiary,may,20,other,37,3236,291,2,202,5
admin.,married,secondary,may,15,failure,25,541,607,1,344,4
technician,single,secondary,may,13,failure,44,33,195,3,351,10
blue-collar,divorced,secondary,nov,19,failure,55,4053,113,1,166,2
self-employed,divorced,tertiary,oct,13,success,62,6,216,1,183,4
blue-collar,married,primary,may,4,failure,60,1723,160,4,83,3
technician,divorced,secondary,jan,28,other,46,741,83,1,258,1
management,married,tertiary,may,6,other,35,0,113,1,351,1
admin.,married,primary,may,8,failure,53,0,86,1,298,3
admin.,single,tertiary,mar,11,other,26,3730,93,1,98,4
technician,single,secondary,may,26,failure,31,846,405,3,205,2
blue-collar,married,secondary,nov,19,other,39,747,209,2,180,1
management,married,tertiary,may,5,failure,32,4761,159,2,350,2
self-employed,married,secondary,apr,8,failure,55,12159,179,5,139,4
management,married,tertiary,mar,25,success,62,3371,187,1,178,2
self-employed,married,tertiary,nov,10,success,31,2666,318,2,97,6
blue-collar,married,secondary,may,18,success,54,1777,13,5,178,6
blue-collar,divorced,primary,nov,19,other,52,3990,1548,1,153,1
admin.,divorced,secondary,apr,20,other,31,2980,930,4,292,2
technician,divorced,secondary,nov,20,failure,30,3100,125,1,183,4
management,single,tertiary,feb,4,other,30,222,111,1,204,2
management,married,secondary,nov,19,other,39,763,360,1,153,2
services,married,secondary,aug,12,success,34,1337,255,2,104,1
services,single,secondary,may,11,failure,35,313,195,2,301,3
services,married,secondary,jan,30,other,46,417,219,1,2,1
retired,married,secondary,jul,15,success,61,938,392,2,183,3
unemployed,single,tertiary,feb,15,success,47,44,374,1,185,1
housemaid,married,secondary,may,13,failure,50,7317,172,1,370,1
retired,divorced,tertiary,apr,17,failure,60,381,208,2,344,4
entrepreneur,married,tertiary,nov,20,failure,33,4465,161,1,183,2
blue-collar,divorced,secondary,apr,20,failure,55,462,157,1,332,3
unemployed,single,secondary,may,12,other,31,-15,278,2,370,3
services,married,primary,apr,20,failure,48,0,90,2,259,1
blue-collar,married,secondary,may,18,failure,42,429,110,1,370,1
self-employed,married,secondary,apr,21,success,29,123,158,2,181,1
services,single,primary,feb,6,other,37,0,155,6,245,5
admin.,married,secondary,jan,29,failure,36,498,151,1,253,1
technician,married,tertiary,feb,5,other,44,184,653,3,8,2
technician,single,secondary,feb,4,other,27,-437,352,1,216,2
technician,married,secondary,may,11,failure,57,124,296,1,287,12
student,single,secondary,aug,3,success,29,1377,248,1,446,2
retired,married,secondary,jun,17,other,63,23047,530,1,139,2
blue-collar,married,primary,feb,2,other,35,0,698,2,271,2
student,single,secondary,feb,26,success,28,1925,139,1,93,3
blue-collar,single,secondary,nov,20,failure,32,6982,224,2,183,1
