BusinessTravel,Department,EducationField,JobLevel,JobRole,MaritalStatus,TrainingTimesLastYear,Age,DistanceFromHome,MonthlyIncome,PercentSalaryHike,TotalWorkingYears,YearsAtCompany,YearsInCurrentRole
Travel_Rarely,Research & Development,Life Sciences,4,Manager,Married,2,50,29,17046,15,28,27,10
Travel_Frequently,Research & Development,Life Sciences,4,Research Director,Married,3,58,15,15787,14,23,2,2
Non-Travel,Research & Development,Life Sciences,1,Laboratory Technician,Married,3,35,3,1281,18,1,1,0
Travel_Rarely,Sales,Life Sciences,2,Sales Executive,Single,5,38,16,4198,12,8,3,2
Travel_Rarely,Human Resources,Human Resources,1,Human Resources,Divorced,3,29,13,2335,15,4,2,2
Travel_Rarely,Sales,Marketing,2,Sales Executive,Single,5,27,9,4105,14,7,7,7
Travel_Rarely,Sales,Marketing,2,Sales Executive,Single,3,33,9,8224,17,6,5,2
Travel_Rarely,Research & Development,Other,2,Laboratory Technician,Married,2,29,13,4025,13,10,4,3
Travel_Frequently,Research & Development,Medical,1,Research Scientist,Single,2,43,28,4739,12,18,3,2
Travel_Rarely,Research & Development,Life Sciences,2,Research Scientist,Married,2,57,1,4900,24,13,12,9
Travel_Rarely,Research & Development,Life Sciences,4,Research Director,Married,2,46,2,17861,13,26,3,2
Travel_Rarely,Research & Development,Life Sciences,2,Manufacturing Director,Single,2,37,10,4197,12,18,1,0
Travel_Rarely,Research & Development,Other,5,Manager,Single,2,42,9,19613,22,24,1,0
Travel_Rarely,Human Resources,Human Resources,1,Human Resources,Married,1,34,3,3737,19,4,3,2
Travel_Rarely,Research & Development,Medical,2,Healthcare Representative,Married,2,38,29,6673,19,17,1,0
Travel_Rarely,Research & Development,Medical,2,Manufacturing Director,Divorced,3,53,13,4450,11,5,4,2
Travel_Rarely,Sales,Marketing,3,Sales Executive,Single,2,38,2,7351,16,10,1,0
Travel_Rarely,Sales,Medical,3,Sales Executive,Married,2,36,2,7596,13,10,10,9
Travel_Rarely,Research & Development,Life Sciences,1,Research Scientist,Married,3,37,21,3564,12,8,8,7
Travel_Rarely,Research & Development,Medical,1,Laboratory Technician,Divorced,2,34,19,2661,11,3,2,2
Travel_Rarely,Research & Development,Other,3,Healthcare Representative,Single,2,49,7,10965,24,26,5,2
Travel_Rarely,Research & Development,Medical,1,Research Scientist,Married,5,41,5,2127,12,7,4,2
Non-Travel,Research & Development,Other,2,Manufacturing Director,Divorced,5,24,11,4011,18,5,4,2
Travel_Rarely,Research & Development,Life Sciences,2,Healthcare Representative,Divorced,3,40,1,6513,17,12,5,3
Travel_Frequently,Sales,Marketing,1,Sales Representative,Married,3,23,9,1790,19,1,1,0
Travel_Rarely,Research & Development,Medical,3,Manufacturing Director,Married,6,38,2,7756,19,10,5,4
Travel_Rarely,Sales,Marketing,1,Sales Representative,Single,2,20,21,2678,17,2,2,1
Travel_Rarely,Sales,Other,1,Sales Representative,Single,3,19,21,2121,13,1,1,0
Travel_Rarely,Sales,Marketing,3,Sales Executive,Married,2,31,16,8161,13,10,1,0
Travel_Rarely,Research & Development,Technical Degree,1,Research Scientist,Divorced,2,29,4,2109,13,1,1,0
Travel_Rarely,Sales,Medical,2,Sales Executive,Divorced,4,30,4,5209,12,11,11,8
Travel_Frequently,Research & Development,Medical,1,Research Scientist,Divorced,2,30,3,2083,20,1,1,0
Travel_Rarely,Sales,Marketing,1,Sales Representative,Married,2,25,19,2413,18,1,1,0
Travel_Rarely,Research & Development,Life Sciences,1,Research Scientist,Married,3,45,10,2654,21,8,2,2
Travel_Rarely,Research & Development,Life Sciences,1,Research Scientist,Single,2,40,2,2809,14,8,2,2
Travel_Rarely,Research & Development,Technical Degree,1,Research Scientist,Married,4,31,5,4821,12,6,5,2
Non-Travel,Sales,Medical,3,Sales Executive,Single,2,45,6,8865,12,23,19,7
Travel_Rarely,Research & Development,Technical Degree,1,Research Scientist,Married,3,27,17,3058,16,6,5,2
Non-Travel,Research & Development,Life Sciences,5,Research Director,Divorced,3,41,7,19973,22,21,21,16
Non-Travel,Sales,Technical Degree,2,Sales Executive,Single,1,38,10,5666,13,6,5,3
Travel_Frequently,Research & Development,Medical,2,Manufacturing Director,Single,2,39,4,5042,13,10,9,2
Travel_Rarely,Research & Development,Medical,5,Research Director,Divorced,2,50,7,18740,12,29,27,3
Travel_Frequently,Research & Development,Medical,1,Research Scientist,Divorced,2,44,1,2342,12,6,5,3
Travel_Rarely,Research & Development,Medical,3,Manufacturing Director,Divorced,3,28,3,7655,17,10,9,7
Non-Travel,Research & Development,Medical,2,Manufacturing Director,Single,2,31,5,9936,19,10,9,4
Travel_Rarely,Research & Development,Medical,1,Laboratory Technician,Divorced,2,45,1,2270,14,8,5,3
Travel_Rarely,Sales,Medical,2,Sales Executive,Married,3,24,4,4162,12,5,5,4
Travel_Rarely,Research & Development,Life Sciences,1,Research Scientist,Single,4,29,23,2201,16,6,3,2
Travel_Frequently,Research & Development,Life Sciences,1,Research Scientist,Married,2,26,2,2042,14,6,3,2
Travel_Rarely,Sales,Life Sciences,2,Sales Executive,Married,2,35,7,5204,11,10,10,8
Travel_Rarely,Sales,Life Sciences,2,Sales Executive,Single,3,24,3,4577,14,4,2,2
Travel_Rarely,Sales,Medical,2,Sales Executive,Divorced,3,29,5,4187,13,10,10,0
Travel_Rarely,Research & Development,Medical,2,Laboratory Technician,Single,3,45,5,5769,14,10,10,7
Travel_Frequently,Research & Development,Life Sciences,2,Laboratory Technician,Single,3,34,7,6074,24,9,9,7
Travel_Rarely,Sales,Medical,2,Sales Executive,Married,3,34,3,8103,12,9,4,2
Travel_Frequently,Human Resources,Medical,1,Human Resources,Married,2,24,10,2145,14,3,2,2
Travel_Rarely,Sales,Marketing,2,Sales Executive,Divorced,2,29,10,8268,14,7,7,7
Travel_Frequently,Sales,Marketing,1,Sales Representative,Divorced,3,34,6,2351,16,3,2,2
Travel_Frequently,Research & Development,Medical,2,Healthcare Representative,Married,3,55,18,6385,14,17,8,7
Travel_Rarely,Sales,Marketing,2,Sales Executive,Single,2,51,21,5441,22,11,10,7
Travel_Rarely,Research & Development,Life Sciences,2,Manufacturing Director,Married,3,32,4,6162,12,14,14,13
Non-Travel,Research & Development,Life Sciences,3,Manager,Married,2,47,29,11849,12,10,10,7
Travel_Rarely,Sales,Medical,5,Manager,Divorced,3,50,1,19517,11,32,7,0
Travel_Frequently,Research & Development,Medical,2,Healthcare Representative,Single,3,45,1,5399,12,12,4,2
Travel_Rarely,Research & Development,Medical,1,Laboratory Technician,Divorced,2,49,16,2587,16,17,2,2
Travel_Rarely,Sales,Life Sciences,3,Sales Executive,Divorced,2,41,9,8189,13,12,9,7
Travel_Rarely,Research & Development,Life Sciences,2,Healthcare Representative,Married,2,36,14,6586,17,17,16,8
Travel_Rarely,Research & Development,Life Sciences,3,Laboratory Technician,Single,2,48,1,5381,13,23,1,0
Travel_Rarely,Research & Development,Life Sciences,1,Research Scientist,Single,0,20,1,2836,13,1,1,0
Travel_Rarely,Sales,Life Sciences,3,Sales Executive,Married,2,46,10,7314,21,14,8,7
Travel_Rarely,Research & Development,Medical,3,Healthcare Representative,Married,2,53,24,7005,15,11,4,3
Travel_Rarely,Research & Development,Life Sciences,1,Research Scientist,Divorced,3,58,23,2372,12,2,2,2
Travel_Rarely,Research & Development,Life Sciences,3,Manufacturing Director,Divorced,1,29,21,9980,11,10,10,9
Travel_Rarely,Sales,Life Sciences,3,Sales Executive,Divorced,5,31,8,10793,18,13,13,7
Travel_Rarely,Research & Development,Other,2,Healthcare Representative,Divorced,3,43,8,4522,14,8,5,2
Travel_Rarely,Sales,Marketing,1,Sales Representative,Married,3,35,2,2014,13,2,2,2
Travel_Frequently,Research & Development,Life Sciences,2,Research Scientist,Single,3,35,4,4249,11,9,9,6
Travel_Frequently,Research & Development,Life Sciences,2,Research Scientist,Divorced,4,41,22,5467,14,12,6,2
Non-Travel,Sales,Life Sciences,2,Sales Executive,Married,1,39,21,5736,19,10,3,2
Travel_Rarely,Sales,Life Sciences,2,Sales Executive,Single,3,27,2,4478,11,5,5,4
Travel_Frequently,Research & Development,Life Sciences,3,Research Director,Single,1,33,1,13458,12,15,15,14
Travel_Frequently,Research & Development,Medical,4,Research Director,Single,2,50,22,14411,13,32,32,6
Non-Travel,Research & Development,Life Sciences,2,Laboratory Technician,Married,2,45,23,3633,15,9,9,8
Travel_Rarely,Research & Development,Life Sciences,1,Research Scientist,Divorced,2,23,26,2904,12,4,4,2
Travel_Frequently,Research & Development,Life Sciences,1,Research Scientist,Divorced,2,28,6,2703,14,3,3,1
Non-Travel,Research & Development,Medical,1,Laboratory Technician,Single,2,30,2,2564,14,12,11,7
Non-Travel,Sales,Life Sciences,2,Sales Executive,Married,3,29,2,4649,14,4,4,3
Travel_Rarely,Sales,Medical,2,Sales Executive,Married,2,40,1,7457,22,6,4,3
Travel_Frequently,Research & Development,Technical Degree,1,Research Scientist,Single,2,24,2,3760,13,6,6,3
Travel_Rarely,Research & Development,Medical,5,Research Director,Divorced,0,46,1,19627,17,23,2,2
Travel_Rarely,Research & Development,Life Sciences,2,Research Scientist,Single,2,39,24,4108,13,18,7,7
Travel_Rarely,Sales,Life Sciences,1,Sales Representative,Married,2,31,7,2329,15,13,7,7
Travel_Rarely,Research & Development,Life Sciences,2,Manufacturing Director,Married,3,40,8,6516,16,18,1,0
Travel_Rarely,Sales,Marketing,2,Sales Executive,Married,3,36,16,5647,13,11,3,2
Travel_Rarely,Sales,Marketing,4,Sales Executive,Single,2,55,13,13695,17,24,19,7
Travel_Frequently,Sales,Life Sciences,2,Sales Executive,Married,2,28,1,6834,12,7,7,7
Travel_Rarely,Research & Development,Other,2,Research Scientist,Single,4,28,10,3660,13,10,8,7
Non-Travel,Research & Development,Medical,2,Manufacturing Director,Single,3,30,9,4695,18,10,8,4
Travel_Frequently,Research & Development,Life Sciences,2,Healthcare Representative,Married,2,43,1,5562,13,12,5,2
Non-Travel,Sales,Marketing,2,Sales Executive,Married,2,45,26,4385,15,10,10,7
Travel_Rarely,Research & Development,Medical,1,Research Scientist,Married,2,28,21,2713,11,5,5,2
Non-Travel,Sales,Marketing,2,Sales Executive,Married,3,47,2,4978,11,4,1,0
Travel_Rarely,Research & Development,Medical,1,Laboratory Technician,Married,2,28,19,3196,12,6,6,5
Travel_Rarely,Research & Development,Life Sciences,2,Healthcare Representative,Single,5,35,9,6540,19,10,1,1
Travel_Rarely,Sales,Marketing,2,Sales Executive,Single,1,25,5,5744,11,6,6,4
Travel_Rarely,Research & Development,Life Sciences,2,Research Scientist,Divorced,2,46,8,4615,23,19,16,13
Travel_Rarely,Research & Development,Other,1,Laboratory Technician,Divorced,3,27,19,4066,11,7,7,7
Travel_Frequently,Sales,Medical,2,Sales Executive,Married,2,40,2,4327,12,5,0,0
Travel_Rarely,Research & Development,Medical,1,Laboratory Technician,Single,6,37,11,3629,18,8,3,2
Travel_Frequently,Research & Development,Medical,3,Research Director,Divorced,3,31,3,13675,12,9,2,2
Travel_Rarely,Research & Development,Life Sciences,1,Laboratory Technician,Married,4,36,6,3210,11,16,15,13
Travel_Rarely,Sales,Medical,2,Sales Executive,Married,3,39,3,5238,18,12,1,0
Travel_Rarely,Research & Development,Life Sciences,1,Laboratory Technician,Married,3,40,10,2213,13,10,7,7
Non-Travel,Research & Development,Life Sciences,2,Healthcare Representative,Divorced,2,25,5,4000,12,6,6,3
Travel_Frequently,Sales,Life Sciences,4,Manager,Married,3,43,26,16959,12,25,25,12
Travel_Rarely,Research & Development,Life Sciences,1,Research Scientist,Divorced,5,32,5,3298,12,7,6,2
Travel_Rarely,Research & Development,Life Sciences,4,Research Director,Single,2,42,23,15992,14,16,1,0
Travel_Rarely,Sales,Life Sciences,4,Manager,Single,5,46,1,17567,15,27,26,0
Travel_Rarely,Sales,Medical,2,Sales Executive,Single,2,34,24,4599,23,16,15,9
Travel_Rarely,Research & Development,Life Sciences,2,Research Scientist,Married,2,32,5,5878,12,12,7,1
Travel_Rarely,Research & Development,Life Sciences,1,Research Scientist,Single,2,26,4,2875,20,8,8,5
Travel_Rarely,Research & Development,Life Sciences,3,Healthcare Representative,Married,1,43,11,7510,17,10,10,9
Non-Travel,Research & Development,Life Sciences,2,Laboratory Technician,Single,2,39,9,6782,15,9,5,4
Travel_Rarely,Research & Development,Life Sciences,4,Manager,Married,3,48,1,15402,11,21,3,2
Travel_Frequently,Sales,Life Sciences,2,Sales Executive,Single,3,27,2,5071,20,8,6,2
Travel_Rarely,Research & Development,Life Sciences,2,Healthcare Representative,Single,3,41,5,6870,12,11,3,2
Travel_Rarely,Sales,Technical Degree,3,Sales Executive,Single,2,35,4,9582,22,9,8,7
Travel_Rarely,Research & Development,Medical,5,Research Director,Single,3,55,14,18722,11,36,24,15
Travel_Frequently,Sales,Technical Degree,1,Sales Representative,Single,3,29,24,1091,17,1,1,0
Travel_Rarely,Sales,Marketing,2,Sales Executive,Single,2,33,10,5487,14,10,10,4
Travel_Frequently,Research & Development,Life Sciences,3,Manufacturing Director,Single,2,31,1,7446,11,10,10,8
Travel_Rarely,Research & Development,Life Sciences,5,Research Director,Single,5,51,6,19537,13,23,20,18
Non-Travel,Research & Development,Other,2,Laboratory Technician,Divorced,2,40,9,3975,11,11,8,7
Travel_Rarely,Sales,Life Sciences,1,Sales Representative,Single,3,38,1,2858,14,20,1,0
Travel_Rarely,Research & Development,Life Sciences,2,Manufacturing Director,Married,1,35,23,5916,13,8,1,0
Travel_Rarely,Sales,Life Sciences,2,Sales Executive,Married,4,30,1,9714,11,10,10,8
Travel_Rarely,Sales,Marketing,4,Manager,Divorced,3,57,29,14118,12,32,1,0
Travel_Rarely,Research & Development,Life Sciences,2,Manufacturing Director,Single,2,36,2,5410,11,18,16,14
Travel_Frequently,Research & Development,Life Sciences,2,Research Scientist,Divorced,3,42,29,4556,11,19,5,4
Travel_Rarely,Research & Development,Life Sciences,2,Research Scientist,Single,1,42,17,6545,13,10,3,2
Travel_Frequently,Sales,Life Sciences,2,Sales Executive,Married,5,43,15,6804,18,7,2,2
Travel_Frequently,Research & Development,Medical,1,Laboratory Technician,Divorced,2,28,1,2596,15,1,1,0
Travel_Rarely,Research & Development,Other,1,Research Scientist,Single,6,36,7,4678,18,8,6,2
Travel_Rarely,Research & Development,Medical,2,Research Scientist,Divorced,2,37,6,5974,13,13,7,7
Travel_Frequently,Sales,Life Sciences,1,Sales Representative,Married,2,30,12,2033,18,1,1,0
Travel_Rarely,Sales,Marketing,1,Sales Representative,Divorced,2,29,10,2297,14,2,2,2
Travel_Rarely,Research & Development,Life Sciences,1,Laboratory Technician,Married,2,44,8,2818,24,10,3,2
Travel_Rarely,Research & Development,Medical,2,Manufacturing Director,Married,3,31,22,6179,15,10,10,2
Non-Travel,Research & Development,Life Sciences,1,Laboratory Technician,Divorced,4,24,9,2694,11,1,1,0
Travel_Frequently,Research & Development,Life Sciences,1,Research Scientist,Single,5,32,16,3919,22,10,10,2
Travel_Rarely,Research & Development,Medical,3,Manufacturing Director,Single,3,30,10,9667,14,9,7,7
Travel_Frequently,Research & Development,Medical,1,Laboratory Technician,Single,3,30,5,2422,17,4,3,2
Travel_Rarely,Research & Development,Technical Degree,1,Laboratory Technician,Married,2,25,1,3229,11,7,3,2
Travel_Rarely,Sales,Marketing,5,Manager,Single,2,46,2,18947,12,22,2,2
Non-Travel,Sales,Marketing,2,Sales Executive,Single,2,34,23,4568,20,10,9,5
Travel_Rarely,Sales,Medical,2,Sales Executive,Single,0,32,6,5010,16,12,11,8
Travel_Rarely,Research & Development,Life Sciences,2,Manufacturing Director,Single,2,31,8,4424,23,11,11,7
Travel_Rarely,Sales,Medical,3,Manager,Married,3,48,29,12504,21,15,0,0
Travel_Rarely,Research & Development,Medical,5,Manager,Married,2,40,4,19033,14,21,20,8
Travel_Rarely,Research & Development,Medical,2,Manufacturing Director,Divorced,2,37,5,6347,16,8,6,2
Travel_Rarely,Sales,Marketing,2,Sales Executive,Single,3,33,16,5324,15,6,3,2
Travel_Rarely,Research & Development,Life Sciences,1,Research Scientist,Single,2,33,2,2500,14,4,3,1
Travel_Frequently,Research & Development,Life Sciences,2,Manufacturing Director,Single,3,36,11,6499,13,6,6,5
Travel_Frequently,Research & Development,Life Sciences,2,Manufacturing Director,Single,3,34,2,4033,11,5,3,2
Travel_Rarely,Research & Development,Life Sciences,3,Healthcare Representative,Single,3,35,16,8606,19,11,11,8
Travel_Rarely,Sales,Marketing,2,Sales Executive,Single,0,26,4,5828,12,8,8,7
Travel_Rarely,Research & Development,Medical,1,Research Scientist,Divorced,5,27,6,2187,12,6,5,3
Travel_Rarely,Research & Development,Technical Degree,2,Healthcare Representative,Married,0,49,5,6651,14,20,3,2
Non-Travel,Sales,Marketing,2,Sales Executive,Divorced,4,36,15,5406,24,15,15,12
Travel_Frequently,Sales,Life Sciences,1,Sales Representative,Married,4,31,20,2791,12,3,2,2
Travel_Rarely,Sales,Technical Degree,2,Sales Representative,Single,3,45,2,6632,13,9,8,7
Travel_Rarely,Human Resources,Human Resources,1,Human Resources,Divorced,4,33,3,2277,11,7,4,3
Travel_Frequently,Research & Development,Life Sciences,3,Healthcare Representative,Married,2,31,20,9824,12,12,1,0
Travel_Rarely,Research & Development,Technical Degree,1,Research Scientist,Single,4,58,2,2479,24,7,1,0
Travel_Rarely,Research & Development,Medical,2,Laboratory Technician,Married,0,35,1,5363,12,10,9,7
Non-Travel,Research & Development,Medical,4,Manufacturing Director,Married,2,53,1,12965,20,27,3,2
Travel_Rarely,Sales,Medical,2,Sales Executive,Divorced,2,35,15,5440,14,7,2,2
Travel_Rarely,Sales,Life Sciences,3,Sales Executive,Married,6,36,3,10325,11,16,16,7
Travel_Rarely,Research & Development,Medical,5,Manager,Married,2,49,4,18711,13,23,1,0
Travel_Rarely,Research & Development,Medical,1,Research Scientist,Single,0,33,25,2313,20,5,2,2
Travel_Rarely,Research & Development,Life Sciences,1,Research Scientist,Married,0,27,6,2539,13,4,4,2
Travel_Rarely,Research & Development,Life Sciences,3,Research Director,Single,6,32,3,11159,15,10,7,7
Travel_Rarely,Research & Development,Medical,2,Healthcare Representative,Married,2,31,23,5582,21,10,9,0
Travel_Rarely,Research & Development,Technical Degree,1,Laboratory Technician,Married,2,27,16,2811,14,4,2,2
Travel_Rarely,Research & Development,Life Sciences,2,Manufacturing Director,Married,0,27,4,6142,20,6,6,2
Travel_Rarely,Sales,Marketing,4,Manager,Married,2,46,2,17048,23,28,26,15
Travel_Rarely,Research & Development,Other,1,Laboratory Technician,Married,2,24,17,2127,21,1,1,0
Travel_Rarely,Research & Development,Life Sciences,2,Research Scientist,Divorced,3,42,18,5410,17,9,4,3
Travel_Rarely,Sales,Life Sciences,3,Sales Executive,Single,2,41,23,7082,16,21,2,0
Travel_Rarely,Research & Development,Life Sciences,2,Manufacturing Director,Married,3,25,1,4898,12,5,4,2
Travel_Rarely,Human Resources,Life Sciences,1,Human Resources,Married,3,36,8,2342,21,6,5,4
Travel_Rarely,Sales,Marketing,5,Manager,Married,2,50,9,19331,16,27,1,0
Travel_Rarely,Research & Development,Life Sciences,2,Manufacturing Director,Married,2,45,25,5906,13,10,9,8
Travel_Rarely,Research & Development,Medical,4,Manager,Divorced,4,39,13,17123,13,21,19,9
Travel_Rarely,Research & Development,Life Sciences,1,Laboratory Technician,Single,2,32,25,2795,24,1,1,0
Travel_Rarely,Research & Development,Medical,2,Manufacturing Director,Married,3,39,9,5151,25,10,10,0
Travel_Rarely,Research & Development,Medical,2,Manufacturing Director,Married,2,32,3,6725,12,8,8,7
Travel_Rarely,Research & Development,Life Sciences,4,Research Director,Single,3,31,8,16422,11,9,3,2
Travel_Frequently,Sales,Medical,2,Sales Executive,Married,3,49,2,5390,14,17,9,6
Travel_Rarely,Sales,Life Sciences,5,Manager,Married,2,40,2,18041,14,21,20,15
Travel_Frequently,Sales,Life Sciences,4,Sales Executive,Single,2,42,12,13758,12,22,21,9
Travel_Rarely,Sales,Other,2,Sales Executive,Married,3,25,3,4194,18,5,5,3
Travel_Rarely,Research & Development,Medical,1,Research Scientist,Single,2,26,2,3904,12,5,4,3
Travel_Frequently,Sales,Marketing,2,Sales Executive,Married,0,35,18,4614,18,5,4,2
Travel_Rarely,Sales,Marketing,2,Sales Executive,Divorced,2,29,20,6931,14,10,3,2
Travel_Rarely,Sales,Life Sciences,1,Sales Representative,Married,5,32,4,3931,11,6,4,3
Travel_Rarely,Research & Development,Life Sciences,1,Research Scientist,Single,3,37,1,2115,12,17,17,12
Travel_Rarely,Sales,Life Sciences,3,Sales Executive,Married,2,30,5,9419,12,12,10,9
Travel_Rarely,Sales,Technical Degree,3,Sales Executive,Married,3,34,1,7083,14,10,10,9
Travel_Rarely,Research & Development,Technical Degree,1,Laboratory Technician,Divorced,0,43,27,4876,12,8,6,4
Travel_Frequently,Research & Development,Medical,4,Manager,Divorced,3,48,22,17174,11,24,22,17
Travel_Rarely,Sales,Medical,3,Sales Executive,Married,2,32,4,10400,11,14,14,8
Travel_Rarely,Research & Development,Medical,1,Laboratory Technician,Married,2,26,3,4420,22,8,8,7
Travel_Rarely,Research & Development,Medical,1,Laboratory Technician,Divorced,2,24,29,3907,13,6,6,2
Travel_Rarely,Sales,Medical,2,Sales Executive,Married,4,32,8,6209,15,10,10,7
Travel_Rarely,Research & Development,Life Sciences,1,Research Scientist,Divorced,2,22,5,2328,16,4,4,2
Travel_Rarely,Research & Development,Other,1,Laboratory Technician,Divorced,3,35,4,1951,12,1,1,0
Travel_Rarely,Research & Development,Medical,2,Manufacturing Director,Married,2,49,20,6567,14,16,15,11
Travel_Rarely,Research & Development,Life Sciences,1,Laboratory Technician,Single,4,36,7,2013,11,15,4,3
Travel_Frequently,Sales,Life Sciences,5,Manager,Divorced,5,51,9,19847,24,31,29,10
Travel_Rarely,Research & Development,Medical,1,Research Scientist,Single,3,23,10,3505,18,2,2,2
Travel_Rarely,Sales,Life Sciences,3,Sales Executive,Married,3,29,23,7336,13,11,11,8
Travel_Rarely,Research & Development,Life Sciences,3,Healthcare Representative,Divorced,3,49,7,10466,14,29,8,7
Travel_Rarely,Sales,Life Sciences,2,Sales Executive,Married,1,34,8,6500,17,6,3,2
Travel_Rarely,Research & Development,Medical,1,Research Scientist,Married,0,27,8,3517,17,5,3,2
Non-Travel,Sales,Other,2,Sales Executive,Married,2,32,11,4707,12,6,4,2
Travel_Rarely,Research & Development,Life Sciences,4,Manager,Married,2,52,4,16555,13,31,5,2
Travel_Frequently,Research & Development,Life Sciences,3,Manufacturing Director,Divorced,2,54,1,10502,17,33,5,4
Travel_Rarely,Research & Development,Medical,1,Research Scientist,Married,5,33,14,2756,13,8,8,7
Travel_Rarely,Sales,Life Sciences,2,Sales Executive,Married,1,38,10,5343,11,10,10,7
Travel_Frequently,Research & Development,Medical,1,Research Scientist,Divorced,2,42,19,2759,12,7,2,2
Travel_Rarely,Research & Development,Medical,3,Healthcare Representative,Divorced,3,46,1,9396,16,17,4,2
Travel_Rarely,Research & Development,Life Sciences,1,Research Scientist,Divorced,1,31,26,2911,17,5,5,2
Travel_Rarely,Research & Development,Life Sciences,1,Research Scientist,Single,3,38,1,2619,17,8,0,0
Travel_Rarely,Research & Development,Life Sciences,1,Laboratory Technician,Divorced,2,35,2,2074,12,1,1,0
Travel_Rarely,Sales,Medical,1,Sales Representative,Married,5,28,10,1052,22,1,1,0
Travel_Rarely,Sales,Technical Degree,1,Sales Representative,Single,2,21,22,3447,11,3,3,2
Travel_Rarely,Research & Development,Medical,2,Research Scientist,Married,3,32,8,5175,12,9,5,3
Travel_Frequently,Research & Development,Medical,3,Manufacturing Director,Single,2,39,22,10880,13,21,21,6
Travel_Rarely,Research & Development,Medical,1,Research Scientist,Single,2,27,9,2279,16,7,7,7
Travel_Rarely,Research & Development,Life Sciences,1,Laboratory Technician,Married,3,49,25,3211,14,10,9,6
Travel_Rarely,Research & Development,Life Sciences,3,Healthcare Representative,Married,6,36,5,8008,12,9,3,2
Travel_Rarely,Sales,Medical,1,Sales Representative,Single,3,20,2,2783,19,2,2,2
Travel_Rarely,Research & Development,Life Sciences,2,Manufacturing Director,Single,6,39,18,4534,11,9,8,7
Non-Travel,Research & Development,Life Sciences,1,Laboratory Technician,Married,4,27,8,4621,19,3,3,2
Travel_Rarely,Research & Development,Medical,1,Research Scientist,Single,2,40,2,2342,20,5,4,2
Travel_Rarely,Research & Development,Life Sciences,3,Healthcare Representative,Divorced,0,34,9,8500,11,10,9,7
Travel_Rarely,Sales,Marketing,2,Sales Executive,Married,2,34,28,6712,21,8,8,7
Travel_Rarely,Research & Development,Life Sciences,1,Laboratory Technician,Married,2,26,6,2659,13,3,3,2
Travel_Rarely,Research & Development,Technical Degree,1,Laboratory Technician,Single,4,48,2,2559,11,7,1,0
Travel_Frequently,Sales,Medical,3,Sales Executive,Married,5,29,1,7918,14,11,11,10
Non-Travel,Research & Development,Life Sciences,1,Laboratory Technician,Married,3,36,9,2810,22,5,5,4
Travel_Rarely,Sales,Medical,2,Sales Executive,Married,3,43,2,7847,17,10,10,9
Travel_Rarely,Research & Development,Medical,1,Laboratory Technician,Single,2,24,24,3597,22,6,4,3
Travel_Rarely,Sales,Life Sciences,2,Sales Executive,Single,4,25,10,4950,14,5,4,3
Non-Travel,Sales,Life Sciences,2,Sales Executive,Single,3,46,26,7991,15,6,2,2
Travel_Rarely,Research & Development,Medical,3,Healthcare Representative,Divorced,2,60,1,10883,20,19,1,0
Travel_Frequently,Research & Development,Medical,5,Manager,Single,4,45,25,18061,22,22,0,0
Travel_Rarely,Research & Development,Medical,1,Laboratory Technician,Married,2,26,1,3955,16,6,5,3
Travel_Rarely,Research & Development,Life Sciences,2,Manufacturing Director,Married,2,37,1,6447,12,8,6,5
Non-Travel,Research & Development,Life Sciences,2,Healthcare Representative,Divorced,2,58,1,5660,13,12,5,3
Non-Travel,Human Resources,Human Resources,1,Human Resources,Divorced,3,38,2,2592,13,13,11,10
Travel_Frequently,Sales,Life Sciences,2,Sales Executive,Married,3,33,1,5376,19,10,5,3
Travel_Rarely,Research & Development,Life Sciences,2,Research Scientist,Single,3,35,6,6646,13,17,17,11
Travel_Rarely,Research & Development,Technical Degree,2,Research Scientist,Divorced,3,52,6,5577,12,18,10,9
Non-Travel,Sales,Marketing,2,Sales Executive,Married,0,27,1,6349,13,6,5,4
Travel_Rarely,Research & Development,Life Sciences,3,Research Director,Divorced,3,50,17,13269,15,19,14,11
Travel_Rarely,Research & Development,Life Sciences,2,Laboratory Technician,Married,3,35,28,3407,17,10,10,9
Non-Travel,Research & Development,Life Sciences,3,Research Director,Married,2,36,8,11713,14,10,8,7
Travel_Rarely,Research & Development,Medical,2,Laboratory Technician,Single,3,42,29,4272,19,16,1,0
Travel_Rarely,Research & Development,Life Sciences,2,Research Scientist,Divorced,2,41,19,3072,16,17,1,0
Travel_Rarely,Research & Development,Life Sciences,2,Research Scientist,Married,6,54,9,2897,11,9,4,3
Travel_Rarely,Sales,Marketing,3,Sales Executive,Single,3,34,1,9888,21,14,14,8
Travel_Frequently,Research & Development,Life Sciences,2,Healthcare Representative,Married,2,35,18,5689,14,10,10,2
Travel_Rarely,Research & Development,Life Sciences,1,Laboratory Technician,Single,4,28,24,2028,14,6,4,2
Travel_Rarely,Research & Development,Technical Degree,2,Laboratory Technician,Married,4,55,20,5415,19,12,10,7
Travel_Rarely,Research & Development,Technical Degree,1,Research Scientist,Married,3,45,28,2132,20,8,5,4
Travel_Rarely,Research & Development,Technical Degree,1,Laboratory Technician,Single,2,20,4,2973,19,1,1,0
Travel_Rarely,Human Resources,Human Resources,2,Human Resources,Married,1,31,2,6410,12,9,2,2
Travel_Rarely,Research & Development,Medical,2,Manufacturing Director,Divorced,2,47,2,5070,13,20,5,0
Travel_Rarely,Research & Development,Medical,4,Healthcare Representative,Married,2,45,20,13496,14,21,20,7
Travel_Rarely,Research & Development,Life Sciences,2,Research Scientist,Married,2,35,18,5208,11,16,16,15
Travel_Rarely,Research & Development,Life Sciences,1,Research Scientist,Married,2,29,15,2168,18,6,5,4
Travel_Rarely,Research & Development,Other,2,Healthcare Representative,Single,3,37,3,4107,15,8,4,3
Travel_Rarely,Research & Development,Life Sciences,1,Research Scientist,Single,3,44,20,3420,13,6,5,2
Travel_Rarely,Research & Development,Technical Degree,1,Laboratory Technician,Married,3,25,4,3691,15,7,7,7
Travel_Frequently,Research & Development,Medical,1,Laboratory Technician,Single,3,36,3,2088,12,13,8,7
Travel_Rarely,Sales,Marketing,2,Sales Executive,Divorced,3,31,7,7547,12,13,7,7
Travel_Frequently,Research & Development,Life Sciences,1,Laboratory Technician,Married,2,28,2,3867,12,2,2,2
Travel_Frequently,Sales,Other,2,Sales Executive,Single,2,35,12,4581,24,13,11,9
Travel_Rarely,Research & Development,Other,2,Research Scientist,Married,3,45,8,3697,14,12,10,9
Travel_Rarely,Research & Development,Life Sciences,1,Laboratory Technician,Divorced,1,41,2,2778,13,10,7,7
Travel_Frequently,Research & Development,Other,1,Laboratory Technician,Married,4,42,5,2093,17,8,2,2
Travel_Rarely,Research & Development,Life Sciences,1,Research Scientist,Divorced,2,27,4,2517,11,5,5,3
Travel_Rarely,Research & Development,Medical,1,Research Scientist,Single,4,34,7,2972,13,1,1,0
Travel_Rarely,Sales,Medical,2,Sales Executive,Divorced,4,31,6,5460,22,13,7,7
Non-Travel,Research & Development,Medical,2,Research Scientist,Married,2,37,25,4449,15,15,13,11
Travel_Rarely,Sales,Marketing,2,Sales Executive,Married,3,56,11,5380,16,6,0,0
Travel_Rarely,Research & Development,Medical,1,Laboratory Technician,Married,2,33,14,2436,13,8,5,4
Travel_Rarely,Research & Development,Medical,2,Healthcare Representative,Married,2,38,18,5811,16,15,1,0
Travel_Rarely,Research & Development,Medical,2,Manufacturing Director,Divorced,3,51,2,5482,18,13,4,1
Travel_Frequently,Research & Development,Medical,1,Research Scientist,Divorced,2,40,9,3617,14,3,1,1
Travel_Rarely,Research & Development,Life Sciences,1,Research Scientist,Divorced,3,34,2,2768,12,14,7,3
Travel_Rarely,Research & Development,Life Sciences,5,Manager,Married,5,52,1,19999,14,34,33,18
Travel_Rarely,Research & Development,Life Sciences,2,Research Scientist,Single,4,40,2,4661,13,9,9,8
Travel_Frequently,Research & Development,Technical Degree,1,Research Scientist,Married,4,43,17,2437,16,6,1,0
Travel_Rarely,Sales,Life Sciences,1,Sales Representative,Divorced,2,23,7,2275,21,3,3,2
Travel_Frequently,Sales,Medical,1,Sales Representative,Married,3,37,21,2973,15,10,5,4
Travel_Frequently,Research & Development,Medical,1,Research Scientist,Divorced,4,34,10,3815,17,5,5,3
Travel_Frequently,Research & Development,Life Sciences,5,Manager,Divorced,3,39,1,19197,14,21,21,8
Travel_Frequently,Sales,Life Sciences,2,Sales Executive,Single,2,47,27,6397,12,8,5,4
Travel_Rarely,Research & Development,Life Sciences,1,Laboratory Technician,Married,4,44,3,2362,12,10,3,2
Travel_Rarely,Sales,Other,2,Sales Executive,Single,5,34,2,6274,22,6,6,5
Travel_Rarely,Research & Development,Other,1,Research Scientist,Single,3,21,18,2693,19,1,1,0
Non-Travel,Research & Development,Life Sciences,1,Laboratory Technician,Married,3,30,3,2097,15,9,5,3
Travel_Frequently,Research & Development,Medical,1,Laboratory Technician,Single,6,51,6,2838,14,8,7,0
Travel_Rarely,Research & Development,Life Sciences,2,Healthcare Representative,Married,4,42,2,4089,13,10,10,2
Travel_Rarely,Sales,Life Sciences,1,Sales Representative,Single,6,29,10,2642,11,1,1,0
Travel_Rarely,Sales,Life Sciences,1,Sales Representative,Single,3,47,2,3294,18,3,3,2
Travel_Rarely,Research & Development,Medical,5,Manager,Married,5,55,2,19187,14,23,19,9
Travel_Rarely,Human Resources,Life Sciences,1,Human Resources,Single,5,43,2,3539,13,10,9,7
Travel_Frequently,Sales,Marketing,2,Sales Executive,Married,3,27,8,4342,19,5,4,2
Travel_Rarely,Sales,Life Sciences,3,Sales Executive,Single,3,39,2,7880,18,9,8,7
Travel_Rarely,Research & Development,Medical,2,Healthcare Representative,Married,4,38,10,9824,19,18,1,0
Travel_Rarely,Sales,Medical,1,Sales Representative,Single,2,18,10,1200,12,0,0,0
Non-Travel,Sales,Medical,3,Sales Executive,Single,3,36,10,9980,14,10,10,3
Travel_Rarely,Research & Development,Medical,1,Research Scientist,Married,0,31,12,3929,23,7,4,2
Travel_Frequently,Sales,Marketing,2,Sales Executive,Single,5,30,26,6696,15,9,6,3
Non-Travel,Research & Development,Life Sciences,4,Manager,Married,3,42,2,17861,13,21,20,8
Travel_Rarely,Sales,Medical,2,Sales Executive,Married,4,47,14,4591,17,11,5,4
Travel_Rarely,Research & Development,Life Sciences,4,Manufacturing Director,Single,3,40,6,13237,15,22,20,6
Travel_Rarely,Research & Development,Medical,1,Laboratory Technician,Married,5,29,6,3131,13,10,10,8
Travel_Rarely,Research & Development,Medical,1,Laboratory Technician,Married,3,35,11,2660,11,5,2,2
Travel_Frequently,Sales,Life Sciences,3,Sales Executive,Married,2,40,5,10475,21,20,18,13
Travel_Frequently,Research & Development,Medical,1,Research Scientist,Divorced,5,26,1,2007,13,5,5,3
Travel_Rarely,Human Resources,Medical,3,Human Resources,Married,1,54,19,10725,15,16,9,7
Travel_Rarely,Sales,Technical Degree,2,Sales Executive,Divorced,2,40,10,6852,12,7,5,1
Non-Travel,Research & Development,Medical,1,Research Scientist,Single,4,18,14,1514,16,0,0,0
Travel_Frequently,Sales,Life Sciences,2,Sales Executive,Divorced,3,50,1,6728,12,12,6,3
Travel_Rarely,Research & Development,Life Sciences,2,Manufacturing Director,Single,1,32,5,9679,24,8,1,0
Travel_Rarely,Sales,Marketing,2,Sales Executive,Divorced,3,30,7,4779,14,8,3,2
Travel_Rarely,Research & Development,Life Sciences,2,Laboratory Technician,Single,3,36,5,5914,16,16,13,11
Travel_Rarely,Sales,Marketing,1,Sales Representative,Married,3,38,9,2899,19,3,2,2
Travel_Frequently,Research & Development,Medical,3,Manufacturing Director,Divorced,5,37,10,10048,11,17,1,0
Travel_Rarely,Research & Development,Technical Degree,3,Healthcare Representative,Divorced,3,58,5,10552,13,24,6,0
Travel_Rarely,Research & Development,Medical,3,Manufacturing Director,Single,2,36,12,8858,11,15,14,8
Travel_Rarely,Research & Development,Medical,3,Healthcare Representative,Married,2,44,15,7978,11,10,10,7
Travel_Frequently,Research & Development,Life Sciences,3,Healthcare Representative,Married,3,42,2,10124,14,24,20,8
Travel_Rarely,Research & Development,Life Sciences,1,Research Scientist,Married,3,34,19,2929,12,10,10,9
Travel_Rarely,Sales,Life Sciences,1,Sales Representative,Married,1,31,2,3067,19,3,2,2
Travel_Rarely,Research & Development,Life Sciences,2,Laboratory Technician,Married,3,32,7,4883,18,10,10,4
Travel_Frequently,Sales,Marketing,3,Sales Executive,Single,2,32,8,8998,14,9,9,8
Travel_Rarely,Sales,Marketing,3,Sales Executive,Married,2,40,4,10855,11,15,12,11
Travel_Frequently,Research & Development,Life Sciences,2,Healthcare Representative,Single,1,34,3,7756,17,7,6,2
Travel_Frequently,Research & Development,Medical,3,Healthcare Representative,Married,5,46,1,10673,13,21,10,9
Travel_Rarely,Research & Development,Medical,3,Manager,Single,5,32,10,11244,25,10,5,2
Travel_Rarely,Research & Development,Medical,5,Research Director,Married,3,58,1,19701,21,32,9,8
Travel_Rarely,Sales,Life Sciences,4,Manager,Married,2,58,21,17875,13,29,1,0
Travel_Rarely,Research & Development,Life Sciences,2,Healthcare Representative,Single,3,33,1,6949,14,6,5,0
Travel_Rarely,Research & Development,Medical,3,Healthcare Representative,Divorced,5,39,1,9613,17,19,18,10
Travel_Rarely,Research & Development,Life Sciences,2,Healthcare Representative,Divorced,3,36,3,6842,20,13,5,4
Travel_Rarely,Research & Development,Medical,3,Manufacturing Director,Divorced,3,46,7,10845,13,13,8,7
Travel_Rarely,Sales,Marketing,2,Sales Executive,Married,1,25,4,4256,12,5,5,2
Travel_Rarely,Research & Development,Life Sciences,2,Manufacturing Director,Married,2,37,1,6474,13,14,14,8
Travel_Rarely,Research & Development,Medical,4,Research Director,Divorced,1,50,1,17399,22,32,5,4
Non-Travel,Sales,Life Sciences,5,Manager,Single,2,52,2,19068,18,33,33,7
Travel_Rarely,Research & Development,Life Sciences,3,Manufacturing Director,Married,2,35,9,10685,20,17,17,14
Travel_Rarely,Sales,Life Sciences,2,Sales Representative,Single,2,36,2,4502,15,17,13,7
Non-Travel,Research & Development,Medical,1,Laboratory Technician,Single,2,32,29,4025,12,10,8,7
Travel_Frequently,Sales,Life Sciences,3,Sales Executive,Single,0,27,8,8726,15,9,9,8
Travel_Rarely,Sales,Marketing,4,Sales Executive,Married,2,39,24,12031,11,21,20,9
Travel_Rarely,Sales,Marketing,2,Sales Executive,Divorced,5,40,2,5715,12,8,5,4
Travel_Rarely,Research & Development,Medical,4,Research Director,Married,5,53,3,17584,16,21,5,3
Travel_Rarely,Research & Development,Medical,1,Laboratory Technician,Married,2,39,6,2404,21,8,2,2
Travel_Rarely,Sales,Life Sciences,2,Sales Executive,Married,3,38,14,9924,11,10,9,8
Travel_Rarely,Research & Development,Life Sciences,1,Research Scientist,Married,2,30,22,2132,11,7,5,2
Travel_Rarely,Sales,Life Sciences,3,Sales Executive,Single,2,52,5,8446,19,10,8,7
Non-Travel,Research & Development,Medical,1,Laboratory Technician,Single,5,44,24,3708,14,9,5,2
Travel_Rarely,Research & Development,Medical,2,Healthcare Representative,Married,6,33,15,4878,13,10,9,7
Travel_Rarely,Research & Development,Life Sciences,3,Healthcare Representative,Single,3,48,4,10999,14,27,15,11
Travel_Rarely,Research & Development,Medical,1,Laboratory Technician,Divorced,0,26,21,2377,20,1,1,1
Travel_Frequently,Research & Development,Medical,2,Laboratory Technician,Single,6,40,16,5094,14,10,1,0
Travel_Rarely,Sales,Marketing,3,Sales Executive,Divorced,2,40,10,9705,12,11,1,0
Travel_Frequently,Research & Development,Life Sciences,3,Manufacturing Director,Married,1,43,27,10820,11,18,8,7
Travel_Rarely,Sales,Life Sciences,2,Sales Executive,Single,0,47,4,4163,17,9,9,0
Travel_Rarely,Sales,Marketing,3,Sales Executive,Single,3,41,6,9241,12,10,10,8
Travel_Rarely,Research & Development,Technical Degree,1,Research Scientist,Married,5,34,20,2585,17,2,1,0
Travel_Rarely,Human Resources,Medical,1,Human Resources,Married,3,26,20,2148,11,6,5,1
Non-Travel,Research & Development,Other,1,Research Scientist,Married,2,22,26,2814,14,4,4,2
Non-Travel,Sales,Other,3,Sales Executive,Married,3,30,22,8412,11,10,9,8
Travel_Frequently,Research & Development,Life Sciences,1,Laboratory Technician,Married,3,39,8,3755,11,8,8,3
Travel_Rarely,Sales,Life Sciences,3,Sales Executive,Married,3,34,4,9713,13,9,5,3
Travel_Frequently,Research & Development,Life Sciences,1,Research Scientist,Single,3,29,24,2439,24,1,1,0
Travel_Rarely,Research & Development,Technical Degree,3,Manager,Married,2,51,3,13116,11,15,2,2
Travel_Frequently,Sales,Marketing,2,Sales Executive,Single,5,41,4,9355,18,8,8,7
Travel_Frequently,Research & Development,Life Sciences,1,Laboratory Technician,Single,3,27,5,2379,14,6,5,4
Travel_Rarely,Sales,Marketing,2,Sales Executive,Divorced,2,24,10,4260,12,5,5,2
Travel_Frequently,Human Resources,Human Resources,1,Human Resources,Married,2,27,22,2863,12,1,1,0
Travel_Rarely,Sales,Life Sciences,1,Sales Representative,Married,2,25,9,4400,12,6,3,2
Non-Travel,Research & Development,Life Sciences,1,Research Scientist,Divorced,2,41,5,2107,17,5,1,0
Travel_Rarely,Research & Development,Medical,1,Laboratory Technician,Married,6,25,19,3669,11,7,3,2
Travel_Frequently,Research & Development,Technical Degree,1,Research Scientist,Single,4,30,4,2285,23,3,1,0
Travel_Frequently,Sales,Life Sciences,2,Sales Executive,Married,5,43,2,5675,20,7,7,7
Travel_Rarely,Research & Development,Technical Degree,4,Research Director,Single,2,45,28,16704,11,21,21,6
Travel_Frequently,Research & Development,Technical Degree,2,Laboratory Technician,Married,2,40,11,6323,11,10,10,9
Travel_Rarely,Research & Development,Life Sciences,2,Healthcare Representative,Married,5,29,1,5373,12,6,5,3
Travel_Rarely,Human Resources,Medical,4,Manager,Single,2,40,6,16437,21,21,21,7
Travel_Rarely,Research & Development,Life Sciences,2,Laboratory Technician,Divorced,4,30,7,3491,13,10,10,7
Travel_Rarely,Research & Development,Technical Degree,5,Manager,Divorced,2,56,4,19943,13,28,5,2
Non-Travel,Research & Development,Medical,1,Research Scientist,Single,0,31,9,2321,22,4,3,2
Travel_Rarely,Research & Development,Medical,2,Healthcare Representative,Married,2,31,11,6833,12,6,6,5
Travel_Rarely,Sales,Life Sciences,2,Sales Executive,Married,2,30,16,5301,15,4,2,1
Non-Travel,Research & Development,Medical,2,Laboratory Technician,Divorced,4,30,9,3072,11,12,12,9
Travel_Rarely,Research & Development,Technical Degree,2,Manufacturing Director,Divorced,2,29,19,4262,12,8,3,2
Travel_Frequently,Sales,Medical,2,Sales Executive,Divorced,3,27,3,4647,20,6,6,5
Travel_Frequently,Research & Development,Life Sciences,2,Manufacturing Director,Divorced,3,34,10,4724,13,9,9,7
Travel_Rarely,Research & Development,Other,1,Laboratory Technician,Divorced,2,25,2,3977,19,7,2,2
Travel_Frequently,Research & Development,Medical,1,Laboratory Technician,Single,3,42,9,3673,13,12,12,9
Travel_Rarely,Research & Development,Medical,2,Laboratory Technician,Married,1,34,29,5429,13,10,8,7
Travel_Rarely,Research & Development,Medical,1,Laboratory Technician,Single,3,29,3,4723,18,10,10,9
Travel_Rarely,Research & Development,Medical,3,Manufacturing Director,Married,5,42,24,7406,21,10,10,9
Non-Travel,Research & Development,Medical,2,Manufacturing Director,Married,2,31,1,4345,12,6,5,4
Travel_Rarely,Research & Development,Life Sciences,2,Healthcare Representative,Married,3,30,16,5294,16,10,7,0
Travel_Frequently,Research & Development,Medical,2,Laboratory Technician,Divorced,3,43,9,5679,13,10,8,7
Non-Travel,Sales,Medical,2,Sales Executive,Married,3,28,4,4221,15,5,5,4
Travel_Rarely,Research & Development,Medical,1,Laboratory Technician,Married,3,26,17,2305,15,3,3,2
Travel_Rarely,Research & Development,Life Sciences,4,Research Director,Divorced,3,43,12,14336,11,25,25,10
Travel_Rarely,Sales,Marketing,2,Sales Executive,Single,2,47,14,4960,12,20,7,7
Non-Travel,Research & Development,Life Sciences,1,Research Scientist,Married,2,34,3,2979,17,6,0,0
Non-Travel,Research & Development,Medical,2,Healthcare Representative,Divorced,6,32,15,6667,18,9,5,1
Travel_Rarely,Research & Development,Life Sciences,2,Research Scientist,Divorced,2,34,3,5433,12,11,11,8
Travel_Frequently,Sales,Life Sciences,1,Sales Representative,Single,4,25,24,1118,14,1,1,0
Travel_Rarely,Research & Development,Medical,1,Laboratory Technician,Divorced,6,42,12,2766,22,7,5,3
Travel_Rarely,Sales,Medical,3,Sales Executive,Married,3,35,10,10306,17,15,13,12
Travel_Rarely,Research & Development,Life Sciences,3,Healthcare Representative,Divorced,2,33,5,7119,15,9,3,2
Travel_Rarely,Research & Development,Life Sciences,2,Manufacturing Director,Married,3,35,27,6883,16,17,7,7
Travel_Rarely,Research & Development,Medical,1,Research Scientist,Single,2,34,6,2960,11,8,4,2
Travel_Rarely,Research & Development,Medical,4,Manager,Married,6,54,22,17426,25,36,10,8
Travel_Frequently,Research & Development,Medical,1,Laboratory Technician,Married,4,38,2,2468,14,9,6,1
Travel_Frequently,Sales,Life Sciences,2,Sales Executive,Single,3,29,2,4554,18,10,10,7
Travel_Rarely,Human Resources,Other,2,Human Resources,Divorced,4,37,8,4071,13,19,10,0
Travel_Rarely,Research & Development,Technical Degree,1,Laboratory Technician,Divorced,2,29,7,3339,13,10,7,7
Travel_Frequently,Research & Development,Medical,2,Laboratory Technician,Divorced,2,34,19,4444,13,15,11,8
Travel_Rarely,Human Resources,Medical,1,Human Resources,Single,3,45,24,2177,16,6,6,3
Travel_Rarely,Research & Development,Medical,1,Laboratory Technician,Married,3,59,3,2670,20,12,1,0
Travel_Rarely,Sales,Life Sciences,2,Sales Executive,Married,3,32,7,5484,14,13,13,8
Travel_Rarely,Research & Development,Technical Degree,1,Research Scientist,Married,3,41,7,3376,13,10,10,6
Travel_Rarely,Research & Development,Other,1,Laboratory Technician,Married,3,38,6,3702,11,5,5,4
Travel_Rarely,Research & Development,Life Sciences,3,Healthcare Representative,Married,1,43,7,9985,16,10,1,0
Travel_Rarely,Research & Development,Life Sciences,3,Research Director,Married,2,37,10,13744,25,16,16,11
Travel_Rarely,Research & Development,Medical,1,Laboratory Technician,Married,6,33,21,2028,18,14,14,11
Travel_Rarely,Research & Development,Life Sciences,1,Research Scientist,Married,5,35,1,2977,12,4,4,3
Travel_Frequently,Research & Development,Life Sciences,3,Laboratory Technician,Divorced,2,45,7,5210,18,24,24,9
Travel_Rarely,Sales,Marketing,3,Sales Executive,Married,2,41,1,8392,16,10,10,7
Travel_Frequently,Research & Development,Medical,1,Research Scientist,Married,0,38,10,2684,17,3,2,1
Travel_Rarely,Research & Development,Life Sciences,5,Manager,Single,5,50,11,19926,15,21,5,4
Travel_Rarely,Research & Development,Life Sciences,3,Manufacturing Director,Divorced,4,46,2,8578,14,12,9,8
Travel_Rarely,Research & Development,Medical,3,Manufacturing Director,Single,2,31,7,7143,14,11,11,9
Travel_Frequently,Research & Development,Life Sciences,2,Healthcare Representative,Divorced,2,33,6,7725,23,15,13,11
Travel_Rarely,Research & Development,Technical Degree,3,Manufacturing Director,Single,5,35,5,8095,13,17,16,6
Travel_Rarely,Sales,Medical,2,Sales Executive,Single,5,25,26,6180,23,6,6,5
Travel_Rarely,Research & Development,Life Sciences,1,Research Scientist,Married,2,37,4,2996,15,8,6,4
Non-Travel,Research & Development,Medical,1,Research Scientist,Divorced,3,31,3,3065,13,4,4,2
Travel_Rarely,Research & Development,Medical,2,Healthcare Representative,Married,3,29,27,4335,12,11,8,7
Travel_Frequently,Research & Development,Technical Degree,2,Manufacturing Director,Married,1,27,1,4298,19,6,2,2
Non-Travel,Human Resources,Human Resources,5,Manager,Married,3,59,2,18844,21,30,3,2
Travel_Rarely,Sales,Medical,3,Sales Executive,Divorced,2,34,13,8628,18,9,8,7
Travel_Rarely,Research & Development,Life Sciences,2,Healthcare Representative,Single,3,46,13,5562,14,19,10,7
Non-Travel,Research & Development,Medical,3,Research Director,Divorced,2,37,1,13603,18,15,5,2
Travel_Rarely,Research & Development,Medical,2,Research Scientist,Single,5,35,9,5098,19,10,10,7
Travel_Rarely,Research & Development,Life Sciences,4,Manufacturing Director,Single,4,59,2,13726,13,30,5,3
Travel_Rarely,Research & Development,Life Sciences,4,Manufacturing Director,Married,3,39,1,12742,16,21,21,6
Travel_Rarely,Research & Development,Medical,1,Laboratory Technician,Single,5,22,15,2871,15,1,0,0
Travel_Rarely,Research & Development,Medical,5,Manager,Married,2,43,6,19392,13,21,16,12
Travel_Rarely,Research & Development,Life Sciences,2,Manufacturing Director,Divorced,2,37,1,5993,18,7,7,5
Travel_Frequently,Research & Development,Technical Degree,2,Manufacturing Director,Single,3,31,24,5238,20,9,5,4
Travel_Rarely,Research & Development,Life Sciences,1,Research Scientist,Married,3,36,2,2543,13,6,2,2
Travel_Rarely,Research & Development,Medical,1,Research Scientist,Married,3,24,23,2725,11,6,6,5
Travel_Rarely,Research & Development,Medical,1,Research Scientist,Married,3,23,4,2819,16,5,3,2
Travel_Rarely,Human Resources,Medical,3,Human Resources,Married,1,44,1,10482,14,24,20,6
Travel_Rarely,Research & Development,Life Sciences,1,Laboratory Technician,Single,2,47,9,2105,12,7,2,2
Travel_Rarely,Sales,Life Sciences,3,Sales Executive,Married,4,55,1,10239,14,24,1,0
Travel_Rarely,Research & Development,Medical,2,Healthcare Representative,Single,2,27,7,6811,19,9,7,6
Travel_Rarely,Sales,Marketing,2,Sales Executive,Married,4,40,2,5677,14,15,11,8
Travel_Frequently,Research & Development,Medical,1,Research Scientist,Single,2,35,2,4930,14,6,5,4
Travel_Rarely,Research & Development,Other,2,Healthcare Representative,Single,6,42,2,6781,23,14,1,0
Travel_Rarely,Research & Development,Medical,2,Research Scientist,Married,2,42,7,2372,16,18,1,0
Travel_Rarely,Research & Development,Medical,1,Laboratory Technician,Married,2,35,1,2258,12,10,8,0
Travel_Rarely,Sales,Medical,1,Sales Representative,Divorced,3,29,1,2800,19,5,3,2
Travel_Rarely,Sales,Marketing,2,Sales Executive,Single,3,42,4,5155,13,9,6,4
Travel_Rarely,Research & Development,Medical,3,Manufacturing Director,Married,4,52,3,7969,14,28,5,4
Non-Travel,Research & Development,Life Sciences,1,Laboratory Technician,Married,3,32,1,2332,20,5,3,0
Travel_Rarely,Research & Development,Life Sciences,1,Research Scientist,Single,0,35,1,2506,13,7,2,2
Travel_Rarely,Human Resources,Human Resources,5,Manager,Married,0,55,26,19636,18,35,10,9
Non-Travel,Research & Development,Technical Degree,2,Research Scientist,Married,3,32,1,4087,14,9,6,5
Non-Travel,Research & Development,Life Sciences,1,Laboratory Technician,Divorced,2,32,1,2314,12,4,3,0
Travel_Rarely,Research & Development,Life Sciences,4,Manager,Married,2,52,1,17099,15,26,9,8
Non-Travel,Sales,Marketing,2,Sales Executive,Married,3,34,4,6538,15,6,3,2
Travel_Rarely,Research & Development,Other,5,Manager,Divorced,3,53,5,19094,11,26,14,13
Non-Travel,Research & Development,Technical Degree,1,Research Scientist,Married,1,42,10,2936,22,10,6,3
Travel_Frequently,Research & Development,Life Sciences,1,Laboratory Technician,Divorced,2,26,1,4364,14,5,2,2
Travel_Frequently,Research & Development,Medical,2,Laboratory Technician,Married,3,36,23,2571,17,17,5,2
Travel_Rarely,Research & Development,Technical Degree,1,Research Scientist,Single,1,29,1,2058,14,7,6,2
Travel_Rarely,Research & Development,Life Sciences,1,Laboratory Technician,Single,3,32,29,2837,13,6,6,2
Travel_Rarely,Research & Development,Medical,5,Research Director,Divorced,5,40,2,19436,19,22,21,7
Travel_Rarely,Research & Development,Other,1,Laboratory Technician,Single,3,37,2,2090,15,7,0,0
Travel_Rarely,Research & Development,Technical Degree,1,Research Scientist,Divorced,3,30,5,3204,14,8,3,2
Travel_Frequently,Sales,Other,2,Sales Executive,Single,3,31,2,5332,13,10,5,2
Travel_Rarely,Research & Development,Technical Degree,2,Healthcare Representative,Single,4,39,2,4553,11,20,20,7
Travel_Rarely,Research & Development,Life Sciences,2,Healthcare Representative,Married,3,30,2,4152,19,11,11,10
Travel_Rarely,Research & Development,Other,1,Laboratory Technician,Married,4,29,8,2119,11,7,7,7
Travel_Rarely,Research & Development,Medical,1,Research Scientist,Married,3,28,9,2070,23,5,5,2
Travel_Rarely,Sales,Medical,2,Sales Executive,Divorced,5,26,29,4306,12,8,0,0
Travel_Frequently,Research & Development,Life Sciences,3,Manufacturing Director,Married,4,55,2,10976,18,23,3,2
Travel_Frequently,Human Resources,Human Resources,2,Human Resources,Single,2,36,2,3886,21,10,10,1
Travel_Rarely,Research & Development,Medical,1,Laboratory Technician,Divorced,2,33,10,3408,13,8,4,3
Travel_Rarely,Research & Development,Life Sciences,1,Laboratory Technician,Married,5,50,9,2380,18,8,1,0
Non-Travel,Research & Development,Medical,1,Research Scientist,Married,3,52,19,4258,18,5,4,3
Travel_Rarely,Sales,Marketing,3,Sales Executive,Divorced,1,46,9,10096,11,28,7,7
Travel_Rarely,Research & Development,Life Sciences,2,Research Scientist,Divorced,3,34,6,4505,15,12,1,0
Travel_Rarely,Human Resources,Technical Degree,1,Human Resources,Single,3,19,2,2564,12,1,1,0
Travel_Rarely,Sales,Marketing,3,Sales Executive,Divorced,3,50,28,10854,13,20,3,2
Travel_Rarely,Research & Development,Medical,3,Research Director,Married,2,29,3,11935,18,10,10,2
Travel_Rarely,Research & Development,Medical,4,Research Director,Married,2,47,2,17169,19,26,20,17
Travel_Rarely,Sales,Technical Degree,2,Sales Executive,Married,4,36,10,5673,13,10,10,9
Travel_Rarely,Research & Development,Life Sciences,2,Healthcare Representative,Single,0,48,6,4240,13,19,2,2
Travel_Rarely,Research & Development,Life Sciences,5,Research Director,Divorced,5,49,18,19502,17,31,31,9
Travel_Rarely,Research & Development,Other,2,Healthcare Representative,Married,3,29,8,9715,13,9,7,7
Travel_Rarely,Research & Development,Technical Degree,5,Research Director,Married,0,41,12,19545,12,23,22,15
Travel_Rarely,Research & Development,Life Sciences,1,Research Scientist,Married,0,44,9,2559,13,8,8,7
Travel_Rarely,Research & Development,Medical,2,Manufacturing Director,Divorced,2,36,9,8847,11,13,3,2
Travel_Frequently,Sales,Marketing,2,Sales Executive,Married,4,31,26,5617,11,10,10,7
Travel_Rarely,Sales,Technical Degree,1,Sales Representative,Divorced,3,23,2,2322,13,3,0,0
Travel_Rarely,Human Resources,Medical,1,Human Resources,Married,2,59,6,2267,17,7,2,2
Travel_Frequently,Research & Development,Life Sciences,1,Research Scientist,Married,3,32,10,3433,13,10,5,2
Travel_Rarely,Research & Development,Technical Degree,3,Manufacturing Director,Married,4,53,2,10169,16,34,33,7
Travel_Frequently,Research & Development,Life Sciences,1,Laboratory Technician,Married,3,29,2,3180,13,4,3,2
Travel_Rarely,Sales,Technical Degree,2,Sales Executive,Single,6,30,12,6577,11,6,5,4
Travel_Frequently,Research & Development,Life Sciences,2,Manufacturing Director,Divorced,6,25,2,5206,17,7,7,7
Travel_Rarely,Research & Development,Other,4,Research Director,Married,2,49,22,16413,16,27,4,2
Travel_Rarely,Research & Development,Life Sciences,1,Research Scientist,Single,4,44,10,2936,11,6,6,4
Travel_Rarely,Research & Development,Technical Degree,3,Manufacturing Director,Divorced,2,36,1,10252,21,17,7,7
Travel_Frequently,Research & Development,Life Sciences,4,Healthcare Representative,Divorced,4,39,2,12169,11,21,18,7
Travel_Rarely,Research & Development,Life Sciences,3,Research Director,Married,5,51,8,12490,16,16,10,9
Travel_Rarely,Sales,Technical Degree,1,Sales Representative,Divorced,3,34,14,2579,18,8,8,2
Travel_Rarely,Research & Development,Life Sciences,1,Laboratory Technician,Divorced,2,30,24,2693,22,1,1,0
Travel_Rarely,Research & Development,Technical Degree,4,Manufacturing Director,Single,1,51,11,13142,16,29,5,2
Travel_Rarely,Research & Development,Medical,1,Research Scientist,Married,6,22,19,2323,24,2,2,2
Travel_Rarely,Research & Development,Medical,1,Laboratory Technician,Married,5,33,4,3838,11,8,5,4
Travel_Frequently,Research & Development,Medical,3,Research Director,Single,3,40,9,13499,17,20,18,7
Travel_Rarely,Research & Development,Life Sciences,2,Healthcare Representative,Married,2,55,4,4035,16,4,3,2
Travel_Rarely,Research & Development,Other,1,Laboratory Technician,Divorced,4,35,10,3917,20,3,3,2
Travel_Rarely,Sales,Marketing,2,Sales Executive,Married,3,27,10,5769,11,6,6,2
Non-Travel,Research & Development,Technical Degree,2,Manufacturing Director,Married,1,29,1,4319,13,10,10,7
Travel_Frequently,Research & Development,Medical,3,Healthcare Representative,Married,3,46,18,10527,11,28,2,2
Travel_Rarely,Research & Development,Life Sciences,3,Manufacturing Director,Divorced,4,47,4,10333,12,28,22,11
Travel_Rarely,Sales,Life Sciences,2,Sales Executive,Single,3,34,3,6029,12,6,2,2
Travel_Frequently,Research & Development,Technical Degree,1,Laboratory Technician,Single,3,22,4,3894,16,4,2,2
Travel_Rarely,Research & Development,Medical,1,Laboratory Technician,Single,3,41,6,4721,13,20,18,13
Travel_Rarely,Sales,Medical,2,Sales Executive,Single,3,28,5,4908,14,4,4,2
Travel_Rarely,Sales,Medical,3,Sales Executive,Divorced,5,43,25,10798,13,18,1,0
Travel_Frequently,Research & Development,Medical,2,Laboratory Technician,Single,2,30,1,4011,23,12,12,8
Travel_Rarely,Sales,Life Sciences,2,Sales Executive,Single,3,34,21,5337,12,10,10,7
Travel_Rarely,Research & Development,Medical,1,Laboratory Technician,Divorced,1,39,1,2232,14,7,3,2
Travel_Rarely,Sales,Marketing,1,Sales Representative,Married,2,50,3,2683,14,3,3,2
Travel_Rarely,Research & Development,Life Sciences,3,Research Director,Married,2,38,25,12061,17,19,10,8
Travel_Frequently,Research & Development,Technical Degree,1,Research Scientist,Single,2,26,3,3102,22,7,6,4
Travel_Frequently,Human Resources,Human Resources,2,Human Resources,Married,3,44,1,5743,11,14,10,7
Travel_Frequently,Sales,Medical,1,Sales Representative,Married,3,24,24,2400,13,3,2,2
Travel_Frequently,Research & Development,Medical,1,Research Scientist,Single,0,27,2,2580,13,6,4,2
Travel_Rarely,Sales,Medical,2,Sales Executive,Married,2,29,2,6644,19,10,0,0
Travel_Frequently,Research & Development,Technical Degree,2,Healthcare Representative,Married,3,34,10,5063,14,8,8,2
Travel_Rarely,Sales,Life Sciences,3,Sales Executive,Married,2,32,19,9610,13,10,4,3
Travel_Frequently,Research & Development,Life Sciences,1,Laboratory Technician,Married,2,31,2,3722,13,7,2,2
Travel_Rarely,Research & Development,Technical Degree,2,Healthcare Representative,Single,2,34,2,6687,11,14,14,11
Travel_Rarely,Research & Development,Life Sciences,1,Research Scientist,Married,3,29,23,2700,24,10,10,7
Non-Travel,Sales,Life Sciences,1,Sales Representative,Divorced,3,52,29,3482,15,16,9,8
Travel_Rarely,Research & Development,Life Sciences,4,Research Director,Single,0,53,23,14275,18,33,12,9
Travel_Rarely,Sales,Technical Degree,2,Sales Executive,Married,5,34,8,6799,21,10,10,8
Non-Travel,Sales,Life Sciences,3,Sales Executive,Divorced,5,31,2,9852,19,10,10,8
Travel_Rarely,Research & Development,Medical,5,Research Director,Single,2,40,14,19626,14,21,20,7
Travel_Rarely,Research & Development,Life Sciences,1,Laboratory Technician,Divorced,4,36,6,2741,14,7,7,7
Travel_Rarely,Research & Development,Life Sciences,2,Manufacturing Director,Divorced,3,34,8,5121,14,7,0,0
Travel_Rarely,Research & Development,Life Sciences,1,Research Scientist,Single,5,31,9,2657,16,3,2,2
Travel_Rarely,Sales,Life Sciences,2,Sales Executive,Married,3,38,1,4440,15,16,15,13
Travel_Rarely,Sales,Technical Degree,1,Sales Representative,Married,3,30,2,2476,18,1,1,0
Travel_Rarely,Sales,Life Sciences,3,Sales Executive,Divorced,2,35,3,7823,13,12,10,9
Travel_Frequently,Research & Development,Life Sciences,1,Research Scientist,Married,5,22,3,2853,11,1,0,0
Travel_Rarely,Research & Development,Medical,2,Manufacturing Director,Divorced,5,46,18,4810,14,19,10,7
Travel_Rarely,Research & Development,Life Sciences,3,Manufacturing Director,Single,4,38,1,7861,14,10,1,0
Non-Travel,Sales,Marketing,2,Sales Executive,Single,3,34,19,5304,13,9,5,2
Non-Travel,Research & Development,Life Sciences,2,Laboratory Technician,Married,6,28,1,6674,11,10,9,8
Travel_Rarely,Sales,Marketing,2,Sales Executive,Single,2,43,9,5346,13,7,4,3
Travel_Rarely,Research & Development,Life Sciences,2,Manufacturing Director,Married,2,22,1,4775,22,4,2,2
Travel_Rarely,Research & Development,Medical,1,Laboratory Technician,Single,3,19,3,1483,14,1,1,0
Travel_Rarely,Research & Development,Life Sciences,2,Healthcare Representative,Married,2,35,21,4014,25,10,10,6
Travel_Frequently,Research & Development,Medical,1,Laboratory Technician,Married,3,29,20,3812,13,11,11,8
Travel_Rarely,Sales,Marketing,3,Sales Executive,Married,3,29,27,7639,22,10,10,4
Travel_Rarely,Research & Development,Medical,1,Research Scientist,Single,2,20,11,2600,15,1,1,0
Travel_Rarely,Research & Development,Life Sciences,5,Research Director,Single,3,48,1,18265,12,25,1,0
Travel_Rarely,Research & Development,Medical,3,Healthcare Representative,Single,3,47,25,8633,23,25,17,14
Travel_Frequently,Research & Development,Medical,1,Laboratory Technician,Single,2,28,1,2154,11,5,4,2
Travel_Frequently,Research & Development,Medical,1,Laboratory Technician,Married,1,43,21,2258,20,8,3,2
Travel_Rarely,Sales,Marketing,3,Sales Executive,Married,3,32,1,10422,19,14,14,10
Travel_Frequently,Research & Development,Life Sciences,2,Manufacturing Director,Married,1,38,6,5321,11,10,8,3
Travel_Rarely,Research & Development,Medical,4,Research Director,Divorced,2,33,1,16184,19,10,6,1
Travel_Rarely,Research & Development,Life Sciences,1,Laboratory Technician,Single,2,32,2,1393,12,1,1,0
Travel_Rarely,Sales,Marketing,1,Sales Representative,Single,3,30,7,2983,14,4,3,2
Travel_Rarely,Sales,Technical Degree,3,Manager,Married,1,59,1,11904,14,14,6,4
Travel_Rarely,Research & Development,Medical,4,Manager,Divorced,2,55,8,14756,14,21,5,0
Travel_Frequently,Sales,Marketing,3,Sales Executive,Married,2,53,2,7525,12,30,15,7
Travel_Frequently,Research & Development,Medical,2,Research Scientist,Single,4,33,29,4508,22,14,13,7
Travel_Rarely,Research & Development,Life Sciences,4,Manufacturing Director,Married,3,41,28,13570,23,21,20,7
Travel_Rarely,Sales,Medical,2,Sales Executive,Married,2,35,18,5561,16,6,5,3
Travel_Rarely,Research & Development,Technical Degree,1,Laboratory Technician,Divorced,2,28,17,2367,12,6,4,1
Travel_Rarely,Sales,Marketing,2,Sales Executive,Single,2,32,10,5396,12,10,10,7
Travel_Frequently,Research & Development,Life Sciences,5,Research Director,Married,3,49,2,19161,15,28,5,4
Travel_Frequently,Sales,Medical,3,Sales Executive,Married,2,36,3,9699,11,16,13,9
Travel_Frequently,Sales,Marketing,3,Sales Executive,Married,3,31,7,9637,14,9,3,2
Travel_Rarely,Research & Development,Life Sciences,4,Research Director,Married,2,50,28,16880,11,25,3,2
Travel_Frequently,Research & Development,Life Sciences,1,Research Scientist,Divorced,2,30,23,2613,25,10,10,7
Travel_Rarely,Research & Development,Life Sciences,1,Research Scientist,Married,2,29,9,2451,18,5,1,0
Travel_Rarely,Human Resources,Technical Degree,1,Human Resources,Married,0,34,9,2742,15,2,2,2
Travel_Rarely,Sales,Life Sciences,1,Sales Representative,Married,2,34,10,2220,19,1,1,1
Travel_Rarely,Research & Development,Technical Degree,1,Laboratory Technician,Single,3,26,24,2340,18,1,1,0
Travel_Rarely,Human Resources,Other,3,Human Resources,Single,3,29,17,7988,13,10,10,9
Travel_Rarely,Research & Development,Medical,1,Research Scientist,Married,3,58,9,3346,20,9,1,0
Travel_Rarely,Research & Development,Life Sciences,2,Manufacturing Director,Married,4,42,1,6062,13,8,4,3
Travel_Rarely,Research & Development,Life Sciences,1,Laboratory Technician,Single,2,32,1,3730,14,4,3,2
Non-Travel,Research & Development,Medical,2,Laboratory Technician,Married,3,44,23,2042,12,17,3,2
Non-Travel,Research & Development,Medical,3,Research Director,Married,3,47,1,11957,18,14,13,8
Travel_Rarely,Human Resources,Life Sciences,1,Human Resources,Single,3,46,1,3423,12,10,7,6
Travel_Rarely,Research & Development,Life Sciences,5,Research Director,Married,2,46,15,19081,11,25,4,2
Travel_Rarely,Research & Development,Life Sciences,2,Manufacturing Director,Married,2,27,2,4227,18,4,3,2
Travel_Rarely,Research & Development,Life Sciences,1,Laboratory Technician,Married,2,41,9,2238,21,7,5,0
Travel_Rarely,Research & Development,Life Sciences,3,Manufacturing Director,Divorced,2,35,2,10274,18,15,7,7
Travel_Frequently,Sales,Life Sciences,2,Sales Executive,Single,2,59,1,5473,11,20,4,3
Travel_Rarely,Sales,Life Sciences,3,Sales Executive,Divorced,5,46,2,10368,12,13,10,6
Travel_Rarely,Research & Development,Medical,2,Laboratory Technician,Married,3,40,2,3448,22,20,1,0
Travel_Rarely,Research & Development,Medical,4,Healthcare Representative,Single,6,51,3,13734,18,21,7,7
Travel_Rarely,Research & Development,Medical,2,Research Scientist,Married,2,54,7,6854,15,14,7,1
Travel_Rarely,Research & Development,Life Sciences,1,Laboratory Technician,Married,2,34,1,3294,17,7,5,4
Travel_Rarely,Research & Development,Other,1,Research Scientist,Married,3,26,6,2368,19,5,5,4
Travel_Rarely,Research & Development,Medical,1,Laboratory Technician,Divorced,0,31,4,3978,12,4,2,2
Non-Travel,Human Resources,Medical,2,Human Resources,Married,3,42,2,6272,16,10,4,3
Non-Travel,Research & Development,Life Sciences,1,Laboratory Technician,Single,2,39,2,3646,23,11,1,0
Travel_Rarely,Research & Development,Medical,1,Research Scientist,Single,3,34,27,2311,15,9,3,2
Travel_Frequently,Research & Development,Other,1,Laboratory Technician,Married,2,35,4,2376,13,2,2,2
Travel_Frequently,Sales,Medical,1,Sales Representative,Single,2,18,3,1569,12,0,0,0
Travel_Rarely,Research & Development,Life Sciences,1,Laboratory Technician,Single,6,21,10,1416,13,1,1,0
Travel_Rarely,Sales,Marketing,2,Sales Representative,Married,4,38,2,5405,20,20,4,2
Travel_Rarely,Research & Development,Life Sciences,1,Laboratory Technician,Married,1,29,1,2319,11,1,1,0
Travel_Rarely,Sales,Other,2,Sales Executive,Married,2,24,3,4999,21,4,3,2
Non-Travel,Research & Development,Medical,2,Research Scientist,Divorced,3,38,6,5329,12,17,13,11
Travel_Rarely,Research & Development,Life Sciences,1,Laboratory Technician,Single,3,40,9,2018,14,15,5,4
Non-Travel,Research & Development,Technical Degree,1,Research Scientist,Divorced,2,30,7,1274,13,1,1,0
Travel_Rarely,Research & Development,Technical Degree,3,Research Director,Divorced,3,27,5,12808,16,9,9,8
Travel_Rarely,Research & Development,Life Sciences,4,Manufacturing Director,Married,2,50,24,13973,18,22,12,11
Travel_Rarely,Research & Development,Medical,1,Laboratory Technician,Single,3,35,1,2450,19,3,3,0
Travel_Rarely,Sales,Marketing,3,Sales Executive,Divorced,2,38,10,8740,14,9,8,7
Travel_Rarely,Research & Development,Life Sciences,1,Research Scientist,Married,5,44,2,2011,13,10,10,5
Travel_Rarely,Sales,Marketing,5,Manager,Married,3,52,2,19845,15,33,32,14
Travel_Rarely,Research & Development,Medical,1,Research Scientist,Married,1,22,11,2244,13,2,2,1
Travel_Rarely,Research & Development,Other,1,Laboratory Technician,Single,2,29,9,3983,17,4,3,2
Travel_Rarely,Sales,Medical,1,Sales Representative,Married,4,27,11,2534,14,5,1,0
Travel_Frequently,Research & Development,Medical,2,Healthcare Representative,Married,2,40,2,4244,24,8,8,7
Travel_Frequently,Research & Development,Life Sciences,3,Manager,Married,2,33,5,11878,11,12,10,6
Travel_Frequently,Sales,Marketing,2,Sales Executive,Married,4,44,1,4768,12,11,1,0
Travel_Rarely,Research & Development,Life Sciences,2,Healthcare Representative,Divorced,2,38,23,5745,14,10,2,2
Travel_Rarely,Sales,Life Sciences,2,Sales Executive,Single,2,31,2,6582,13,10,6,5
Travel_Rarely,Sales,Life Sciences,2,Sales Executive,Divorced,3,32,13,4403,11,8,5,2
Travel_Rarely,Research & Development,Life Sciences,1,Laboratory Technician,Single,2,20,3,3033,12,2,2,2
Travel_Rarely,Human Resources,Life Sciences,4,Manager,Divorced,2,51,5,14026,11,33,33,9
Non-Travel,Human Resources,Human Resources,2,Human Resources,Married,4,41,4,6430,19,10,3,2
Travel_Rarely,Sales,Marketing,3,Sales Executive,Married,3,35,16,8020,15,12,11,9
Travel_Rarely,Sales,Life Sciences,2,Sales Executive,Married,3,31,6,6172,18,12,7,7
Non-Travel,Sales,Medical,3,Sales Executive,Divorced,6,37,9,8834,13,9,9,5
Travel_Rarely,Research & Development,Medical,1,Research Scientist,Married,2,25,7,2889,11,2,2,2
Travel_Rarely,Research & Development,Life Sciences,2,Research Scientist,Married,2,32,9,6322,12,6,6,4
Travel_Rarely,Research & Development,Life Sciences,2,Laboratory Technician,Single,2,36,4,5810,16,10,10,4
Non-Travel,Research & Development,Life Sciences,3,Healthcare Representative,Married,3,45,1,10748,23,25,23,15
Non-Travel,Research & Development,Technical Degree,2,Research Scientist,Divorced,2,33,4,3055,15,11,9,8
Travel_Frequently,Research & Development,Life Sciences,2,Manufacturing Director,Divorced,3,36,4,5131,13,18,4,2
Travel_Rarely,Research & Development,Medical,1,Research Scientist,Married,3,28,1,3591,25,3,3,2
Travel_Rarely,Research & Development,Medical,1,Research Scientist,Married,3,29,1,4787,14,4,2,2
Travel_Rarely,Sales,Life Sciences,4,Manager,Married,4,45,11,17650,13,26,9,3
Travel_Rarely,Research & Development,Life Sciences,1,Research Scientist,Single,4,33,13,3452,18,5,3,2
Travel_Rarely,Sales,Technical Degree,4,Sales Executive,Divorced,5,46,3,13225,12,25,19,17
Travel_Frequently,Research & Development,Life Sciences,1,Research Scientist,Single,2,32,5,2432,14,8,4,1
Travel_Rarely,Research & Development,Life Sciences,1,Research Scientist,Divorced,3,56,8,4257,18,19,2,2
Travel_Rarely,Research & Development,Life Sciences,3,Healthcare Representative,Married,2,35,16,7632,12,10,8,7
Travel_Rarely,Sales,Other,3,Sales Executive,Divorced,2,30,8,7264,11,10,8,4
Travel_Rarely,Research & Development,Medical,2,Manufacturing Director,Married,5,31,7,4306,12,13,13,10
Travel_Rarely,Sales,Life Sciences,2,Sales Executive,Single,5,36,1,6815,13,15,1,0
Travel_Rarely,Research & Development,Medical,5,Manager,Divorced,6,53,7,18606,18,26,7,7
Travel_Frequently,Sales,Life Sciences,4,Sales Executive,Married,3,47,9,12936,11,25,23,5
Travel_Frequently,Research & Development,Life Sciences,5,Research Director,Married,1,50,1,18172,19,28,8,3
Travel_Rarely,Sales,Life Sciences,2,Sales Executive,Divorced,5,37,10,6694,14,8,1,0
Travel_Rarely,Research & Development,Medical,2,Laboratory Technician,Married,3,34,8,4404,12,6,4,3
Travel_Rarely,Research & Development,Life Sciences,1,Research Scientist,Married,6,28,1,2044,11,5,5,3
Travel_Rarely,Research & Development,Medical,2,Healthcare Representative,Divorced,0,40,2,6377,20,15,12,11
Non-Travel,Research & Development,Life Sciences,5,Manager,Single,3,39,9,19431,13,21,6,0
Travel_Rarely,Sales,Marketing,2,Sales Executive,Married,2,48,2,4051,14,14,9,7
Travel_Rarely,Research & Development,Medical,2,Manufacturing Director,Divorced,4,54,19,5485,11,9,5,3
Travel_Rarely,Human Resources,Life Sciences,5,Manager,Married,2,47,26,19658,11,27,5,2
Travel_Frequently,Research & Development,Medical,2,Healthcare Representative,Married,3,26,11,4741,13,5,5,3
Travel_Rarely,Research & Development,Medical,3,Healthcare Representative,Married,5,39,6,9991,15,9,7,7
Travel_Rarely,Sales,Marketing,2,Sales Executive,Divorced,4,42,12,5087,12,14,0,0
Travel_Frequently,Human Resources,Medical,5,Manager,Married,2,50,3,18200,11,32,32,5
Travel_Frequently,Human Resources,Life Sciences,1,Human Resources,Divorced,2,26,17,2741,11,8,7,7
Travel_Rarely,Sales,Marketing,2,Sales Executive,Married,3,31,29,5468,14,13,12,7
Travel_Rarely,Sales,Marketing,1,Sales Representative,Single,3,29,9,2760,13,2,2,2
Travel_Frequently,Research & Development,Medical,2,Healthcare Representative,Single,3,34,1,5343,20,14,13,9
Travel_Rarely,Sales,Marketing,1,Sales Representative,Single,2,19,22,1675,19,0,0,0
Travel_Rarely,Research & Development,Life Sciences,1,Research Scientist,Married,3,35,6,3506,14,4,3,2
Travel_Frequently,Sales,Life Sciences,2,Sales Executive,Single,2,27,20,9981,14,7,7,7
Travel_Frequently,Research & Development,Life Sciences,5,Research Director,Single,4,49,10,18665,11,22,3,2
Travel_Rarely,Research & Development,Medical,1,Research Scientist,Single,5,20,10,1009,11,1,1,0
Travel_Rarely,Research & Development,Medical,1,Research Scientist,Married,1,24,9,4401,16,5,5,3
Travel_Frequently,Research & Development,Medical,1,Laboratory Technician,Single,3,38,2,2440,22,4,4,3
Travel_Rarely,Sales,Life Sciences,2,Sales Executive,Single,1,38,3,6861,12,19,1,0
Non-Travel,Sales,Life Sciences,1,Sales Representative,Married,2,24,13,2033,13,1,1,0
Travel_Rarely,Sales,Life Sciences,2,Sales Executive,Married,3,34,9,5714,20,6,6,5
Travel_Rarely,Sales,Medical,2,Sales Executive,Single,5,27,2,6500,14,9,8,7
Travel_Rarely,Research & Development,Medical,3,Research Director,Single,3,37,7,13664,13,16,5,2
Travel_Rarely,Research & Development,Life Sciences,1,Laboratory Technician,Single,3,40,7,2166,14,10,4,2
Travel_Rarely,Sales,Medical,2,Sales Executive,Single,6,42,14,6244,17,10,5,4
Travel_Rarely,Research & Development,Life Sciences,1,Research Scientist,Married,1,37,19,3022,21,8,1,0
Travel_Rarely,Sales,Marketing,5,Manager,Married,3,42,5,18303,13,21,1,0
Travel_Rarely,Research & Development,Medical,1,Research Scientist,Married,2,37,1,3920,14,17,3,1
Non-Travel,Sales,Life Sciences,2,Sales Executive,Single,3,41,10,6230,14,16,14,3
Travel_Rarely,Sales,Medical,3,Sales Executive,Married,2,36,3,7644,19,10,9,7
Non-Travel,Research & Development,Medical,3,Healthcare Representative,Married,3,35,11,9884,13,10,4,0
Travel_Rarely,Research & Development,Life Sciences,4,Manager,Single,2,49,1,15379,14,23,8,7
Travel_Rarely,Research & Development,Medical,1,Research Scientist,Married,3,34,2,2932,14,6,5,0
Travel_Rarely,Research & Development,Technical Degree,1,Laboratory Technician,Single,3,28,5,3441,13,2,2,2
Non-Travel,Research & Development,Medical,1,Research Scientist,Divorced,2,27,3,2566,15,1,1,1
Travel_Rarely,Research & Development,Technical Degree,1,Research Scientist,Married,2,55,2,2662,20,19,5,2
Travel_Rarely,Research & Development,Medical,1,Laboratory Technician,Married,3,35,23,4014,15,4,2,2
Travel_Rarely,Research & Development,Medical,2,Laboratory Technician,Divorced,2,28,17,4558,12,10,10,0
Travel_Rarely,Sales,Marketing,1,Sales Representative,Married,2,50,8,3875,15,4,2,2
Travel_Rarely,Sales,Marketing,5,Manager,Single,2,45,2,18824,16,26,24,10
Travel_Rarely,Sales,Marketing,3,Sales Executive,Divorced,2,46,1,10453,25,24,24,13
Travel_Rarely,Research & Development,Other,1,Research Scientist,Married,3,48,15,2367,12,10,8,2
Travel_Frequently,Sales,Marketing,1,Sales Representative,Single,3,20,9,2323,14,2,2,2
Travel_Rarely,Research & Development,Technical Degree,3,Healthcare Representative,Divorced,2,36,8,10096,13,17,17,14
Travel_Frequently,Sales,Technical Degree,1,Sales Representative,Married,3,28,1,2909,15,5,3,2
Travel_Frequently,Research & Development,Life Sciences,2,Manufacturing Director,Married,2,34,2,9547,17,10,10,9
Travel_Frequently,Research & Development,Life Sciences,1,Laboratory Technician,Married,2,36,18,3688,18,4,1,0
Travel_Rarely,Research & Development,Medical,5,Research Director,Divorced,4,44,7,19049,14,23,22,7
Travel_Rarely,Research & Development,Life Sciences,3,Healthcare Representative,Single,4,52,7,10445,19,18,8,6
Travel_Rarely,Sales,Marketing,1,Sales Representative,Single,3,21,7,2679,13,1,1,0
Travel_Rarely,Sales,Marketing,1,Sales Representative,Single,2,33,5,2851,13,1,1,0
Travel_Rarely,Sales,Medical,2,Sales Executive,Single,2,53,1,8381,20,18,14,7
Non-Travel,Research & Development,Life Sciences,1,Research Scientist,Single,2,18,5,1051,15,0,0,0
Travel_Rarely,Research & Development,Life Sciences,1,Research Scientist,Divorced,3,26,23,2886,22,3,3,2
Travel_Frequently,Sales,Life Sciences,2,Sales Executive,Married,3,32,5,6524,14,10,10,8
Travel_Rarely,Human Resources,Medical,1,Human Resources,Single,3,31,8,2109,18,8,3,2
Travel_Rarely,Research & Development,Life Sciences,3,Research Director,Divorced,3,38,15,11510,14,12,11,10
Travel_Rarely,Sales,Technical Degree,2,Sales Executive,Married,3,31,7,6929,11,10,8,7
Non-Travel,Sales,Life Sciences,3,Sales Executive,Single,1,36,8,7587,15,10,10,7
Travel_Rarely,Research & Development,Medical,1,Laboratory Technician,Divorced,4,42,2,2593,11,10,9,6
Travel_Rarely,Human Resources,Life Sciences,1,Human Resources,Divorced,3,30,1,2064,21,6,5,3
Travel_Rarely,Sales,Marketing,4,Manager,Married,3,46,3,17465,12,23,12,9
Travel_Rarely,Sales,Medical,2,Sales Executive,Divorced,5,33,2,5505,14,6,6,2
Travel_Rarely,Research & Development,Life Sciences,1,Laboratory Technician,Married,5,40,2,3377,17,7,4,3
Travel_Rarely,Research & Development,Medical,1,Research Scientist,Married,2,24,1,2293,16,6,2,0
Travel_Rarely,Sales,Medical,1,Sales Representative,Married,3,28,3,2856,19,1,1,0
Travel_Frequently,Research & Development,Life Sciences,2,Laboratory Technician,Married,3,36,6,5562,13,9,3,2
Travel_Frequently,Research & Development,Life Sciences,1,Research Scientist,Divorced,3,35,25,2022,19,10,10,2
Travel_Rarely,Sales,Medical,2,Sales Executive,Divorced,2,31,13,4233,17,9,3,1
Travel_Frequently,Sales,Marketing,2,Sales Executive,Married,2,36,7,4639,16,17,15,7
Travel_Frequently,Research & Development,Life Sciences,1,Research Scientist,Divorced,5,29,1,2720,18,10,10,7
Travel_Rarely,Sales,Marketing,3,Sales Executive,Married,3,35,1,7295,13,10,10,8
Travel_Rarely,Research & Development,Medical,3,Manufacturing Director,Single,6,59,18,10512,12,25,9,7
Travel_Rarely,Research & Development,Other,2,Research Scientist,Married,2,36,2,6962,22,15,1,0
Non-Travel,Research & Development,Life Sciences,2,Healthcare Representative,Married,5,40,9,4876,14,5,3,2
Travel_Frequently,Research & Development,Life Sciences,2,Manufacturing Director,Married,1,31,1,4148,12,4,4,3
Travel_Rarely,Research & Development,Medical,1,Laboratory Technician,Married,3,37,10,3452,20,17,5,4
Travel_Rarely,Sales,Life Sciences,2,Sales Executive,Married,2,39,21,6120,12,8,5,4
Travel_Rarely,Research & Development,Medical,1,Research Scientist,Divorced,3,40,2,2345,14,8,3,1
Travel_Rarely,Sales,Life Sciences,3,Sales Executive,Single,3,59,25,7637,11,28,21,16
Travel_Rarely,Research & Development,Life Sciences,1,Laboratory Technician,Married,3,22,8,2451,15,4,4,3
Travel_Frequently,Sales,Marketing,2,Sales Executive,Single,4,46,5,5772,21,14,9,6
Travel_Rarely,Research & Development,Medical,4,Research Director,Single,3,54,1,17328,19,29,20,7
Travel_Rarely,Research & Development,Life Sciences,3,Research Scientist,Divorced,2,45,7,9724,17,25,1,0
Travel_Frequently,Sales,Medical,2,Sales Executive,Divorced,2,32,9,4668,17,9,8,7
Travel_Frequently,Research & Development,Life Sciences,5,Manager,Divorced,4,42,8,18430,13,24,24,7
Travel_Rarely,Research & Development,Life Sciences,1,Research Scientist,Divorced,2,41,14,2451,12,13,9,8
Travel_Rarely,Sales,Marketing,2,Sales Executive,Divorced,3,36,13,6134,13,16,2,2
Travel_Rarely,Sales,Life Sciences,2,Sales Executive,Married,3,25,28,8639,18,6,2,2
Travel_Rarely,Sales,Marketing,2,Sales Executive,Married,3,32,7,9204,12,7,4,3
Travel_Rarely,Research & Development,Technical Degree,3,Manufacturing Director,Married,2,54,17,10739,11,22,10,7
Travel_Rarely,Research & Development,Medical,2,Laboratory Technician,Married,3,49,3,4789,25,10,3,2
Non-Travel,Research & Development,Life Sciences,2,Laboratory Technician,Married,2,39,1,6472,15,9,9,8
Travel_Rarely,Human Resources,Human Resources,4,Manager,Married,5,42,10,16799,14,21,20,7
Travel_Rarely,Research & Development,Technical Degree,3,Manufacturing Director,Single,3,37,1,7491,17,12,6,5
Travel_Rarely,Sales,Life Sciences,2,Sales Executive,Single,3,25,4,4487,11,5,5,4
Travel_Rarely,Research & Development,Life Sciences,1,Research Scientist,Single,2,32,1,2956,13,1,1,0
Travel_Rarely,Research & Development,Medical,1,Research Scientist,Single,2,21,5,3117,18,3,2,2
Travel_Rarely,Research & Development,Life Sciences,3,Manufacturing Director,Single,2,40,16,7945,15,18,4,2
Travel_Rarely,Research & Development,Technical Degree,3,Healthcare Representative,Single,2,50,10,10496,15,20,4,3
Travel_Frequently,Sales,Medical,2,Sales Representative,Single,3,47,4,2976,19,5,0,0
Travel_Rarely,Research & Development,Other,3,Manufacturing Director,Married,2,37,3,9434,15,10,10,7
Travel_Rarely,Research & Development,Medical,2,Laboratory Technician,Married,2,40,19,2741,15,15,7,2
Non-Travel,Sales,Other,3,Sales Executive,Divorced,2,40,28,10932,15,20,1,0
Travel_Rarely,Research & Development,Medical,1,Research Scientist,Married,5,33,9,2781,13,15,14,10
Travel_Rarely,Research & Development,Medical,2,Healthcare Representative,Single,2,31,24,6812,19,10,10,9
Non-Travel,Research & Development,Life Sciences,1,Laboratory Technician,Single,5,44,5,3162,14,7,5,2
Travel_Rarely,Sales,Medical,4,Manager,Divorced,3,53,2,14852,13,22,17,13
Travel_Rarely,Sales,Marketing,5,Manager,Married,5,44,5,18213,11,26,22,9
Travel_Rarely,Research & Development,Medical,2,Manufacturing Director,Married,3,39,10,5377,13,10,7,7
Travel_Rarely,Human Resources,Human Resources,1,Human Resources,Married,2,36,13,2143,13,8,5,2
Non-Travel,Research & Development,Medical,3,Research Director,Married,2,31,10,11031,20,13,11,7
Non-Travel,Research & Development,Medical,1,Laboratory Technician,Divorced,2,22,16,2935,13,1,1,0
Non-Travel,Sales,Life Sciences,1,Sales Representative,Divorced,3,32,2,2827,12,1,1,0
Travel_Rarely,Research & Development,Life Sciences,5,Research Director,Divorced,4,50,4,19144,14,28,10,4
Non-Travel,Research & Development,Life Sciences,2,Laboratory Technician,Married,3,36,24,5674,15,11,9,8
Travel_Frequently,Research & Development,Medical,4,Healthcare Representative,Married,3,50,20,11245,15,32,30,8
Travel_Rarely,Research & Development,Life Sciences,2,Laboratory Technician,Married,3,52,11,3149,20,9,5,2
Travel_Frequently,Sales,Marketing,1,Sales Representative,Married,3,34,2,2231,18,6,4,3
Travel_Rarely,Sales,Life Sciences,2,Sales Executive,Married,2,31,5,5476,11,10,10,0
Travel_Rarely,Research & Development,Life Sciences,1,Laboratory Technician,Single,5,28,2,3485,11,5,0,0
Travel_Rarely,Sales,Marketing,2,Sales Executive,Married,1,36,17,5507,16,12,4,2
Travel_Frequently,Research & Development,Medical,3,Research Director,Married,6,42,26,13191,17,20,1,0
Travel_Rarely,Research & Development,Medical,1,Laboratory Technician,Single,3,30,2,2720,13,6,5,3
Travel_Rarely,Research & Development,Medical,2,Manufacturing Director,Single,6,41,7,5003,14,8,2,2
Travel_Rarely,Sales,Life Sciences,1,Sales Representative,Married,5,35,28,2430,23,6,5,3
Travel_Rarely,Sales,Marketing,2,Sales Executive,Married,2,37,9,4189,14,5,5,2
Travel_Rarely,Research & Development,Medical,1,Research Scientist,Married,3,22,6,2773,20,3,2,2
Travel_Rarely,Research & Development,Medical,2,Healthcare Representative,Divorced,2,37,25,5731,13,9,6,2
Travel_Frequently,Research & Development,Life Sciences,1,Laboratory Technician,Divorced,3,58,2,2380,14,3,1,0
Travel_Rarely,Research & Development,Medical,2,Manufacturing Director,Married,3,39,12,5295,21,7,5,4
Travel_Rarely,Research & Development,Medical,1,Laboratory Technician,Divorced,5,29,7,2532,14,8,4,3
Travel_Rarely,Research & Development,Life Sciences,2,Manufacturing Director,Married,2,28,29,6549,14,8,8,6
Non-Travel,Research & Development,Life Sciences,2,Research Scientist,Single,2,42,23,4332,12,20,20,9
Travel_Rarely,Research & Development,Medical,2,Manufacturing Director,Married,2,26,2,5472,12,8,8,7
Travel_Frequently,Sales,Marketing,1,Sales Representative,Divorced,2,37,4,2793,17,13,9,8
Travel_Rarely,Research & Development,Life Sciences,2,Manufacturing Director,Divorced,2,43,8,4765,21,4,1,0
Travel_Rarely,Research & Development,Life Sciences,1,Research Scientist,Married,3,29,2,2703,23,6,5,4
Travel_Rarely,Research & Development,Other,2,Research Scientist,Single,3,34,6,4809,14,16,16,13
Non-Travel,Research & Development,Medical,1,Research Scientist,Divorced,3,43,7,2089,14,7,5,4
Travel_Frequently,Research & Development,Life Sciences,1,Laboratory Technician,Single,2,21,10,2625,20,2,2,2
Travel_Frequently,Research & Development,Other,2,Healthcare Representative,Married,2,33,1,5488,13,6,6,5
Travel_Rarely,Research & Development,Life Sciences,3,Healthcare Representative,Married,2,44,2,7879,19,9,8,7
Travel_Rarely,Research & Development,Medical,1,Research Scientist,Single,5,27,8,3445,11,6,6,2
Travel_Rarely,Research & Development,Medical,1,Laboratory Technician,Divorced,2,26,16,2373,13,5,3,2
Travel_Rarely,Sales,Technical Degree,1,Sales Representative,Married,4,34,7,2308,25,12,11,10
Travel_Frequently,Research & Development,Medical,5,Research Director,Divorced,2,41,9,19419,17,21,18,16
Travel_Rarely,Research & Development,Medical,5,Manager,Married,2,55,2,19859,13,24,5,2
Travel_Rarely,Research & Development,Life Sciences,2,Healthcare Representative,Married,5,44,1,5033,15,10,2,0
Non-Travel,Research & Development,Medical,1,Research Scientist,Single,2,19,10,1859,25,1,1,1
Travel_Frequently,Research & Development,Technical Degree,1,Research Scientist,Single,2,30,2,4968,16,10,9,7
Travel_Frequently,Research & Development,Medical,1,Research Scientist,Married,4,56,9,2942,19,18,5,4
Travel_Rarely,Research & Development,Life Sciences,1,Research Scientist,Married,2,23,1,1223,22,1,1,0
Travel_Frequently,Research & Development,Technical Degree,3,Healthcare Representative,Single,1,39,2,10938,25,20,19,6
Non-Travel,Research & Development,Life Sciences,2,Manufacturing Director,Divorced,0,49,18,6804,15,7,7,7
Travel_Rarely,Research & Development,Medical,1,Research Scientist,Divorced,2,28,9,2377,18,6,2,2
Travel_Rarely,Research & Development,Life Sciences,2,Laboratory Technician,Single,2,23,20,2272,14,5,4,3
Non-Travel,Research & Development,Life Sciences,1,Laboratory Technician,Single,5,18,1,1611,15,0,0,0
Travel_Rarely,Research & Development,Technical Degree,3,Healthcare Representative,Married,6,40,20,10322,20,14,11,10
Travel_Rarely,Research & Development,Life Sciences,3,Manufacturing Director,Divorced,6,31,9,10648,25,13,13,8
Travel_Rarely,Research & Development,Other,3,Manufacturing Director,Single,3,35,7,10221,21,17,8,5
Travel_Rarely,Sales,Marketing,4,Manager,Married,3,52,3,16856,11,34,34,6
Travel_Rarely,Research & Development,Other,1,Laboratory Technician,Single,6,23,12,2647,13,5,5,2
Travel_Rarely,Sales,Marketing,4,Sales Executive,Single,3,39,15,13341,12,21,20,8
Travel_Rarely,Sales,Medical,3,Sales Executive,Single,3,46,9,9619,16,9,9,8
Travel_Frequently,Research & Development,Life Sciences,2,Healthcare Representative,Divorced,0,29,2,8853,19,6,6,4
Travel_Rarely,Sales,Medical,4,Sales Executive,Married,2,44,28,13320,18,23,12,11
Travel_Rarely,Research & Development,Life Sciences,1,Laboratory Technician,Married,3,27,11,2099,14,6,5,0
Travel_Frequently,Sales,Medical,2,Sales Executive,Married,2,33,7,4373,14,5,4,3
Travel_Rarely,Research & Development,Medical,3,Healthcare Representative,Single,3,34,9,8621,14,9,8,7
Travel_Frequently,Research & Development,Other,1,Research Scientist,Married,2,38,3,2821,16,8,2,2
Travel_Rarely,Human Resources,Human Resources,1,Human Resources,Married,2,24,22,1555,11,1,1,0
Travel_Frequently,Research & Development,Life Sciences,3,Manufacturing Director,Single,2,35,18,9362,11,10,2,2
Travel_Rarely,Research & Development,Medical,1,Laboratory Technician,Married,3,50,28,3221,11,20,20,8
Travel_Frequently,Research & Development,Life Sciences,3,Manufacturing Director,Single,2,51,8,10650,15,18,4,2
Non-Travel,Sales,Life Sciences,2,Sales Executive,Divorced,2,33,16,5368,25,7,6,5
Travel_Rarely,Sales,Medical,2,Sales Executive,Divorced,5,33,1,4037,22,9,9,8
Travel_Rarely,Sales,Life Sciences,3,Sales Executive,Married,2,37,1,10609,11,17,14,1
Travel_Rarely,Research & Development,Life Sciences,1,Research Scientist,Single,2,22,1,3375,12,4,3,2
Travel_Rarely,Research & Development,Medical,3,Healthcare Representative,Divorced,2,45,20,10851,18,24,7,7
Travel_Frequently,Research & Development,Life Sciences,4,Healthcare Representative,Married,3,40,1,13503,22,22,22,3
Travel_Rarely,Research & Development,Medical,2,Research Scientist,Single,0,32,2,5055,16,10,7,7
Travel_Rarely,Sales,Technical Degree,4,Manager,Married,2,46,2,16872,12,28,7,7
Travel_Rarely,Research & Development,Other,5,Manager,Married,2,45,1,19202,11,25,24,0
Travel_Rarely,Research & Development,Technical Degree,1,Research Scientist,Single,6,21,1,2070,11,2,2,2
Non-Travel,Research & Development,Medical,1,Research Scientist,Single,3,28,16,2144,14,5,5,3
Travel_Rarely,Sales,Marketing,2,Sales Executive,Single,0,28,13,9854,11,6,2,0
Travel_Rarely,Research & Development,Life Sciences,1,Laboratory Technician,Married,2,35,8,2269,19,1,1,0
Travel_Rarely,Sales,Technical Degree,3,Sales Executive,Married,3,30,29,9250,12,9,4,2
Travel_Rarely,Sales,Life Sciences,3,Sales Executive,Married,4,54,2,10686,11,13,9,4
Travel_Rarely,Sales,Marketing,3,Sales Executive,Divorced,3,41,4,10447,13,23,22,14
Travel_Rarely,Research & Development,Life Sciences,4,Manager,Single,2,55,2,16659,13,30,5,4
Travel_Frequently,Sales,Life Sciences,2,Sales Executive,Single,5,28,7,4898,14,5,4,2
Travel_Frequently,Research & Development,Medical,1,Research Scientist,Married,2,35,1,2194,13,5,3,2
Travel_Rarely,Research & Development,Other,1,Laboratory Technician,Married,2,52,8,2950,13,12,5,4
Non-Travel,Sales,Medical,3,Sales Executive,Single,2,37,19,7642,13,10,10,0
Travel_Rarely,Research & Development,Life Sciences,4,Research Director,Married,2,54,3,17779,14,36,10,9
Travel_Rarely,Research & Development,Medical,3,Research Director,Married,3,38,10,13206,12,20,18,16
Travel_Rarely,Research & Development,Life Sciences,1,Research Scientist,Single,6,21,15,1232,14,0,0,0
Travel_Frequently,Sales,Medical,2,Sales Executive,Married,3,33,25,4539,12,10,10,7
Travel_Rarely,Sales,Marketing,2,Sales Executive,Single,2,35,1,4312,14,16,15,13
Travel_Frequently,Human Resources,Human Resources,1,Human Resources,Divorced,0,30,8,2180,11,6,4,2
Travel_Rarely,Sales,Life Sciences,1,Sales Representative,Single,0,21,12,2716,15,1,1,0
Travel_Rarely,Research & Development,Medical,1,Research Scientist,Single,3,35,27,2559,11,6,6,5
Travel_Frequently,Research & Development,Medical,2,Manufacturing Director,Divorced,3,47,16,5067,19,20,19,10
Travel_Rarely,Research & Development,Life Sciences,1,Research Scientist,Married,2,31,11,2356,19,8,6,4
Travel_Rarely,Research & Development,Life Sciences,3,Manufacturing Director,Single,2,48,4,7898,11,11,10,9
Non-Travel,Sales,Marketing,2,Sales Executive,Married,2,33,22,6146,13,8,7,7
Travel_Frequently,Sales,Marketing,2,Sales Executive,Divorced,3,35,11,4968,11,5,5,2
Travel_Rarely,Sales,Medical,2,Sales Executive,Single,3,35,1,4859,16,5,5,4
Travel_Rarely,Research & Development,Life Sciences,1,Research Scientist,Married,3,36,5,3419,14,6,1,1
Travel_Rarely,Research & Development,Medical,2,Manufacturing Director,Single,4,30,2,6877,24,12,0,0
Travel_Rarely,Sales,Medical,1,Sales Representative,Single,3,20,2,2044,13,2,2,2
Travel_Rarely,Sales,Technical Degree,2,Sales Executive,Single,2,26,8,5326,17,6,4,3
Non-Travel,Research & Development,Medical,1,Research Scientist,Divorced,1,27,9,2024,18,6,2,2
Travel_Frequently,Research & Development,Medical,2,Research Scientist,Divorced,3,38,8,2133,16,20,20,11
Travel_Rarely,Research & Development,Medical,2,Manufacturing Director,Married,3,32,1,6162,22,9,9,8
Travel_Frequently,Research & Development,Medical,4,Manufacturing Director,Married,3,52,25,13826,22,31,9,8
Travel_Rarely,Research & Development,Life Sciences,1,Research Scientist,Married,3,27,14,2235,14,9,9,7
Travel_Rarely,Research & Development,Life Sciences,2,Laboratory Technician,Divorced,2,31,20,4197,11,10,10,8
Travel_Rarely,Sales,Marketing,2,Sales Executive,Married,3,27,8,6214,18,8,8,7
Travel_Rarely,Research & Development,Life Sciences,1,Research Scientist,Married,3,26,1,2933,13,1,1,0
Travel_Rarely,Research & Development,Life Sciences,1,Research Scientist,Divorced,2,31,2,2695,18,3,2,2
Travel_Frequently,Research & Development,Medical,2,Research Scientist,Married,3,40,26,4422,13,16,1,1
Travel_Rarely,Research & Development,Life Sciences,3,Manufacturing Director,Married,3,27,1,7412,11,9,9,7
Non-Travel,Sales,Technical Degree,2,Sales Executive,Divorced,3,36,8,5079,13,12,7,7
Travel_Rarely,Sales,Life Sciences,2,Sales Executive,Single,2,32,1,6735,15,10,0,0
Travel_Rarely,Sales,Medical,2,Sales Executive,Single,3,55,2,5160,16,12,9,7
Travel_Rarely,Sales,Marketing,3,Sales Executive,Single,3,43,4,10231,14,23,21,7
Travel_Rarely,Research & Development,Medical,2,Manufacturing Director,Married,2,38,2,4855,11,7,5,2
Travel_Rarely,Sales,Life Sciences,2,Sales Executive,Divorced,3,38,2,6893,15,11,7,7
Travel_Rarely,Sales,Marketing,2,Sales Executive,Married,2,35,1,4717,11,15,11,9
Travel_Frequently,Sales,Technical Degree,1,Sales Representative,Married,5,29,20,2157,15,3,3,1
Travel_Rarely,Sales,Marketing,1,Sales Representative,Divorced,3,27,2,3041,11,5,4,3
Travel_Rarely,Research & Development,Medical,2,Healthcare Representative,Married,2,37,11,4777,15,15,1,0
Travel_Rarely,Research & Development,Life Sciences,5,Research Director,Married,2,43,3,19740,14,25,8,7
Travel_Rarely,Research & Development,Life Sciences,1,Research Scientist,Married,2,30,16,2862,12,10,10,0
Travel_Rarely,Sales,Life Sciences,1,Sales Representative,Married,3,35,7,2404,13,1,1,0
Travel_Rarely,Research & Development,Medical,1,Laboratory Technician,Single,2,23,8,3989,11,5,5,4
Travel_Rarely,Sales,Medical,2,Sales Executive,Married,5,40,9,5473,12,9,8,4
Travel_Rarely,Research & Development,Life Sciences,1,Research Scientist,Married,2,33,5,2911,13,2,2,2
Travel_Rarely,Sales,Life Sciences,2,Sales Executive,Single,2,59,3,5171,17,13,6,1
Travel_Frequently,Sales,Marketing,3,Sales Executive,Single,3,50,12,9208,11,16,2,2
Non-Travel,Research & Development,Medical,1,Laboratory Technician,Single,0,18,8,1904,12,0,0,0
Travel_Rarely,Research & Development,Life Sciences,2,Laboratory Technician,Married,1,42,3,5231,13,17,5,3
Travel_Frequently,Research & Development,Medical,2,Research Scientist,Divorced,2,40,26,5605,11,20,20,7
Travel_Rarely,Sales,Life Sciences,4,Manager,Single,2,55,18,16835,23,37,10,9
Travel_Rarely,Research & Development,Medical,1,Laboratory Technician,Married,5,25,3,4031,13,6,2,2
Travel_Rarely,Sales,Life Sciences,2,Sales Executive,Married,3,42,1,4907,25,20,20,16
Travel_Rarely,Research & Development,Life Sciences,2,Manufacturing Director,Married,3,34,2,5957,13,13,11,9
Non-Travel,Sales,Medical,2,Sales Executive,Single,6,26,29,4969,18,7,2,2
Travel_Rarely,Research & Development,Medical,1,Research Scientist,Divorced,3,43,2,2645,12,6,5,3
Non-Travel,Sales,Life Sciences,2,Sales Executive,Married,2,45,9,5593,13,15,15,10
Travel_Rarely,Research & Development,Life Sciences,1,Laboratory Technician,Married,3,40,1,2406,19,8,1,0
Travel_Rarely,Sales,Medical,1,Sales Representative,Married,2,32,1,2269,14,3,2,2
Travel_Frequently,Research & Development,Medical,4,Manager,Divorced,2,54,11,16032,20,26,14,9
Travel_Rarely,Research & Development,Life Sciences,5,Manager,Married,5,60,7,19566,11,33,29,8
Travel_Rarely,Sales,Medical,2,Sales Executive,Divorced,3,38,7,5605,24,8,8,0
Travel_Rarely,Sales,Life Sciences,2,Sales Executive,Married,1,39,4,5902,14,17,15,11
Non-Travel,Sales,Medical,2,Sales Executive,Single,4,41,10,6151,13,19,19,2
Travel_Frequently,Sales,Technical Degree,1,Sales Representative,Single,5,19,1,2325,21,1,0,0
Travel_Rarely,Research & Development,Life Sciences,5,Manager,Married,2,42,2,18880,11,24,22,6
Travel_Frequently,Research & Development,Medical,1,Laboratory Technician,Single,2,31,29,3479,11,6,5,4
Travel_Rarely,Research & Development,Life Sciences,1,Research Scientist,Single,2,19,25,2994,12,1,1,0
Non-Travel,Sales,Medical,1,Sales Representative,Single,3,21,9,2610,24,3,3,2
Travel_Frequently,Research & Development,Medical,4,Research Director,Divorced,3,34,15,17007,14,16,14,8
Travel_Rarely,Research & Development,Technical Degree,3,Healthcare Representative,Divorced,4,45,1,7441,12,10,10,8
Travel_Rarely,Research & Development,Life Sciences,1,Laboratory Technician,Married,4,41,12,4766,11,6,1,0
Travel_Rarely,Research & Development,Medical,2,Manufacturing Director,Divorced,5,28,27,4877,21,6,5,3
Travel_Rarely,Sales,Marketing,3,Sales Executive,Divorced,2,45,9,10761,12,18,5,4
Travel_Frequently,Sales,Medical,4,Sales Executive,Divorced,2,47,3,13770,12,28,22,2
Travel_Rarely,Research & Development,Other,2,Manufacturing Director,Married,2,35,16,4788,11,4,3,2
Travel_Rarely,Sales,Life Sciences,2,Sales Executive,Married,2,51,14,4936,11,18,7,7
Travel_Rarely,Research & Development,Life Sciences,1,Research Scientist,Married,2,28,2,3201,17,6,5,3
Travel_Rarely,Research & Development,Life Sciences,1,Laboratory Technician,Single,2,29,7,2062,14,11,3,2
Non-Travel,Sales,Life Sciences,2,Sales Executive,Married,3,50,1,6347,12,19,18,7
Travel_Frequently,Research & Development,Medical,2,Laboratory Technician,Single,5,35,2,4425,11,10,6,2
Travel_Frequently,Research & Development,Life Sciences,2,Laboratory Technician,Married,3,34,9,5346,17,11,7,1
Travel_Rarely,Research & Development,Medical,1,Laboratory Technician,Married,2,23,9,2500,14,5,4,3
Travel_Rarely,Research & Development,Life Sciences,2,Manufacturing Director,Married,3,22,3,4171,19,4,3,2
Travel_Rarely,Sales,Marketing,2,Sales Executive,Divorced,2,34,1,9725,11,16,15,1
Travel_Rarely,Sales,Life Sciences,3,Sales Executive,Single,2,53,24,10448,13,15,2,2
Travel_Rarely,Research & Development,Life Sciences,1,Laboratory Technician,Married,3,24,17,2210,13,1,1,0
Travel_Rarely,Research & Development,Life Sciences,2,Laboratory Technician,Single,3,54,8,3780,11,19,1,0
Travel_Rarely,Sales,Technical Degree,2,Sales Executive,Married,2,32,8,5228,11,13,13,12
Non-Travel,Sales,Medical,4,Manager,Divorced,0,58,2,16291,22,37,16,9
Travel_Rarely,Research & Development,Life Sciences,5,Research Director,Single,2,58,2,19246,12,40,31,15
Travel_Rarely,Research & Development,Life Sciences,2,Laboratory Technician,Single,4,53,6,2450,17,19,2,2
Travel_Rarely,Research & Development,Life Sciences,1,Laboratory Technician,Married,4,51,9,2075,23,10,4,2
Travel_Rarely,Sales,Marketing,2,Sales Executive,Single,3,32,2,9907,12,7,2,2
Travel_Rarely,Research & Development,Medical,3,Healthcare Representative,Married,4,44,7,10248,14,24,22,6
Non-Travel,Research & Development,Medical,1,Laboratory Technician,Single,5,26,7,2570,20,7,7,7
Travel_Frequently,Sales,Marketing,3,Sales Executive,Married,5,60,28,10266,19,22,18,13
Travel_Rarely,Human Resources,Life Sciences,5,Manager,Single,4,56,8,19717,14,36,7,3
Travel_Rarely,Research & Development,Medical,1,Research Scientist,Single,3,35,1,2859,18,6,6,4
Travel_Rarely,Research & Development,Other,1,Research Scientist,Married,3,32,5,3312,17,6,3,2
Travel_Rarely,Research & Development,Medical,2,Healthcare Representative,Single,2,34,8,6142,11,10,5,1
Travel_Frequently,Research & Development,Other,1,Laboratory Technician,Married,2,32,13,2743,20,2,2,2
