Name,DOB,SSN,Zip,Workclass,Education,Education-Num,Marital Status,Occupation,Relationship,Race,Sex,Hours per week,Country,Target,Age,Capital Gain,Capital Loss
Garrard Finlator,7/18/1966,387-67-2387,36407,Private,9th,5,Separated,Adm-clerical,Not-in-family,White,Male,48,United-States,<=50K,57,0,0
Tobey Fagge,1/15/1955,297-43-7266,91787,Private,HS-grad,9,Married-spouse-absent,Prof-specialty,Not-in-family,White,Male,6,United-States,<=50K,68,0,0
Chet Egiloff,8/14/1966,436-28-0621,4986,Private,Bachelors,13,Divorced,Sales,Unmarried,White,Male,44,United-States,>50K,57,0,0
Cullan Oakland,6/24/1972,791-42-1943,18495,Private,HS-grad,9,Never-married,Other-service,Own-child,White,Male,40,United-States,<=50K,51,0,0
Kaleena Volet,7/10/1959,486-68-9387,75301,Self-emp-not-inc,Masters,14,Married-civ-spouse,Sales,Husband,White,Male,40,United-States,>50K,64,0,0
Lura Cunradi,6/13/1961,269-56-7125,76777,Local-gov,Some-college,10,Married-spouse-absent,Adm-clerical,Own-child,White,Female,40,Guatemala,<=50K,62,0,0
Oby Ebi,7/22/1963,844-23-9229,25436,Private,Prof-school,15,Never-married,Tech-support,Own-child,White,Female,24,United-States,<=50K,60,0,0
Carlie Bricksey,1/7/1954,341-77-0562,71948,Private,HS-grad,9,Married-civ-spouse,Adm-clerical,Husband,White,Male,45,United-States,>50K,69,4386,0
Micky Duester,4/17/2007,341-04-2588,98619,Federal-gov,Some-college,10,Divorced,Exec-managerial,Unmarried,Asian-Pac-Islander,Female,40,United-States,<=50K,16,0,0
Arturo Cleve,1/26/1979,789-34-9990,66302,Local-gov,Masters,14,Married-civ-spouse,Prof-specialty,Wife,White,Female,40,United-States,<=50K,44,0,0
Lorinda Harpham,7/20/1953,543-13-1870,45982,Private,Bachelors,13,Never-married,Exec-managerial,Own-child,White,Female,40,United-States,<=50K,70,0,0
Ettie Camber,1/21/1975,655-50-6886,43947,Private,HS-grad,9,Married-spouse-absent,Sales,Unmarried,White,Female,25,United-States,<=50K,48,0,0
Clementina Siddle,9/11/1957,377-43-4207,31671,Private,HS-grad,9,Never-married,Other-service,Own-child,White,Male,35,United-States,<=50K,66,0,0
Gabe Januszewski,3/1/1998,635-12-0507,40285,Local-gov,Bachelors,13,Never-married,Protective-serv,Not-in-family,White,Male,40,United-States,<=50K,25,0,0
Moyra Leinweber,4/16/1978,163-46-3306,85011,Private,HS-grad,9,Widowed,Exec-managerial,Unmarried,White,Female,50,United-States,<=50K,45,0,0
Mei Kenchington,8/22/1962,124-24-0460,77004,Private,HS-grad,9,Never-married,Sales,Own-child,Black,Female,20,United-States,<=50K,61,0,0
Edmon Chilles,4/19/1953,491-61-1849,32390,Self-emp-inc,Bachelors,13,Married-civ-spouse,Prof-specialty,Husband,White,Male,40,United-States,<=50K,70,0,0
Melvin Gamwell,5/27/1959,725-13-5595,84115,Private,Some-college,10,Never-married,Other-service,Not-in-family,Black,Female,30,Jamaica,<=50K,64,0,0
Rockwell Tolhurst,8/18/1960,446-06-1195,47649,Self-emp-inc,Bachelors,13,Never-married,Farming-fishing,Not-in-family,White,Female,45,United-States,<=50K,63,0,0
Shannon Cleef,7/2/1966,615-77-0628,35609,Private,Assoc-acdm,12,Married-civ-spouse,Adm-clerical,Husband,White,Male,35,United-States,>50K,57,0,0
Karrah McGann,6/28/2009,480-14-8091,18500,Private,Some-college,10,Never-married,Other-service,Other-relative,White,Female,25,United-States,<=50K,14,0,0
Serena Oppery,11/19/1994,537-37-2009,18399,Private,Prof-school,15,Married-civ-spouse,Sales,Husband,Asian-Pac-Islander,Male,35,China,<=50K,29,0,0
Obadiah Van Leijs,6/21/2008,595-09-1787,44378,Private,Some-college,10,Never-married,Farming-fishing,Not-in-family,White,Male,40,United-States,<=50K,15,0,0
Tani McBeith,3/21/1952,452-08-5738,48248,Private,Some-college,10,Widowed,Other-service,Unmarried,White,Female,24,United-States,<=50K,71,0,0
Ludvig Chaise,7/29/1995,525-93-5301,91240,Private,Some-college,10,Never-married,Other-service,Not-in-family,White,Female,25,United-States,<=50K,28,0,0
Twyla Crichton,8/22/1992,656-70-5670,35615,Private,Masters,14,Never-married,Exec-managerial,Not-in-family,White,Male,40,United-States,>50K,31,0,1564
Boony Temperley,2/1/2010,353-25-5591,5850,Private,Assoc-acdm,12,Never-married,Adm-clerical,Not-in-family,White,Female,15,United-States,<=50K,13,0,0
Luke Dainter,4/29/1977,224-08-4623,95586,Private,10th,6,Separated,Other-service,Not-in-family,White,Female,35,United-States,<=50K,46,0,0
Coralie Goreisr,3/3/2012,691-47-1403,80320,Private,Some-college,10,Never-married,Adm-clerical,Not-in-family,White,Female,24,Greece,<=50K,11,0,0
Nanny Correa,8/19/1975,176-45-6740,5822,Private,Bachelors,13,Divorced,Exec-managerial,Not-in-family,White,Male,50,United-States,>50K,48,0,0
Sibbie Napton,8/25/2006,383-62-2887,50561,Self-emp-not-inc,Bachelors,13,Married-civ-spouse,Exec-managerial,Husband,White,Male,60,United-States,>50K,17,0,0
Worthington Cressor,9/16/2009,605-35-9278,36934,Private,Some-college,10,Married-civ-spouse,Adm-clerical,Wife,White,Female,40,Dominican-Republic,<=50K,14,0,0
Stanleigh Banasevich,9/14/1954,839-39-2944,20310,Private,Some-college,10,Divorced,Machine-op-inspct,Not-in-family,White,Male,40,United-States,<=50K,69,0,0
Shandee Frascone,7/8/1964,866-89-2016,472,State-gov,HS-grad,9,Never-married,Craft-repair,Not-in-family,White,Male,40,United-States,<=50K,59,0,0
Mufinella Landsborough,1/19/1964,308-06-9849,69954,,Some-college,10,Never-married,,Own-child,White,Male,30,United-States,<=50K,59,0,0
Tobie Gobell,11/4/1963,481-09-0916,61933,Local-gov,Bachelors,13,Married-civ-spouse,Prof-specialty,Husband,White,Male,40,United-States,<=50K,60,0,0
Ekaterina Fautly,5/10/1955,480-93-3915,98068,Self-emp-not-inc,Some-college,10,Divorced,Farming-fishing,Not-in-family,White,Male,40,United-States,<=50K,68,0,0
Aveline Blowing,11/28/1992,736-19-9167,55159,Private,HS-grad,9,Never-married,Craft-repair,Own-child,Amer-Indian-Eskimo,Male,40,United-States,<=50K,31,0,0
Quint Bedward,6/5/1956,818-01-7479,70251,Self-emp-not-inc,Some-college,10,Married-civ-spouse,Transport-moving,Husband,White,Male,45,United-States,<=50K,67,0,0
Melisse Klass,7/7/2011,483-52-2678,54450,Self-emp-inc,HS-grad,9,Married-civ-spouse,Exec-managerial,Husband,White,Male,60,United-States,<=50K,12,0,0
Bobine Wrigglesworth,8/19/1992,560-72-8864,40565,Self-emp-not-inc,Some-college,10,Married-civ-spouse,Exec-managerial,Husband,White,Male,50,United-States,<=50K,31,0,0
Perry Gaytor,10/10/2004,409-78-7510,54247,Private,Some-college,10,Never-married,Other-service,Own-child,Black,Male,42,United-States,<=50K,19,0,0
Richard Avarne,1/7/1966,237-48-0408,5199,Private,HS-grad,9,Married-civ-spouse,Craft-repair,Husband,White,Male,35,United-States,<=50K,57,0,0
Lusa Prenty,12/16/1976,130-76-3978,13469,Private,Some-college,10,Separated,Tech-support,Not-in-family,Amer-Indian-Eskimo,Male,40,United-States,<=50K,47,0,1980
Mathe Ouldcott,9/19/1976,592-01-3532,42100,Private,HS-grad,9,Married-civ-spouse,Adm-clerical,Husband,White,Male,40,United-States,>50K,47,0,0
Jacinda O' Dooley,10/4/1953,862-39-0448,38622,,Bachelors,13,Married-civ-spouse,,Wife,White,Female,25,United-States,>50K,70,0,0
Lark Martonfi,1/12/1962,336-51-1261,29500,,Some-college,10,Never-married,,Not-in-family,Asian-Pac-Islander,Male,50,South,>50K,61,99999,0
Leslie Dries,3/21/1971,616-46-3336,58574,Self-emp-inc,HS-grad,9,Married-civ-spouse,Farming-fishing,Husband,White,Male,40,United-States,>50K,52,15024,0
Emmery Atherton,9/8/2005,827-35-9942,19874,Private,Bachelors,13,Married-civ-spouse,Prof-specialty,Husband,White,Male,40,,>50K,18,0,0
Ruth Gobolos,5/11/1954,600-83-1187,72714,Private,Some-college,10,Married-civ-spouse,Sales,Husband,White,Male,40,United-States,>50K,69,0,0
Tiler Aulton,12/5/1965,766-85-0973,53582,Private,Assoc-acdm,12,Married-civ-spouse,Craft-repair,Husband,White,Male,45,United-States,<=50K,58,0,0
Denver Rollin,3/4/1994,506-72-6664,81903,Private,Masters,14,Never-married,Exec-managerial,Not-in-family,White,Male,40,United-States,>50K,29,0,0
Kaile Kunzelmann,11/20/1982,129-11-1197,85760,Private,Doctorate,16,Separated,Prof-specialty,Unmarried,White,Female,40,United-States,<=50K,41,0,0
Hewe Barzen,2/1/1995,405-15-4339,88116,Private,HS-grad,9,Married-civ-spouse,Craft-repair,Husband,White,Male,40,United-States,>50K,28,0,0
Astrix Covert,10/4/2009,407-02-2966,91087,Private,Some-college,10,Never-married,Sales,Not-in-family,White,Female,40,United-States,<=50K,14,0,0
Gabbey Konzel,11/29/1969,783-45-1690,45489,Private,Bachelors,13,Married-civ-spouse,Exec-managerial,Husband,White,Male,45,United-States,>50K,54,0,0
Kirby Strafford,5/26/2003,229-26-1147,82323,Private,Some-college,10,Never-married,Other-service,Own-child,White,Female,20,United-States,<=50K,20,0,0
Tillie Currin,2/6/1985,343-51-3918,53739,Private,Some-college,10,Married-civ-spouse,Exec-managerial,Own-child,White,Female,40,Japan,<=50K,38,2597,0
Lydie Hazeup,12/9/1953,142-87-5597,97188,Self-emp-inc,HS-grad,9,Married-civ-spouse,Craft-repair,Husband,White,Male,45,United-States,>50K,70,5178,0
Dolli Runnett,5/7/2009,578-09-6277,72918,Self-emp-not-inc,Some-college,10,Married-civ-spouse,Tech-support,Husband,Black,Male,40,United-States,>50K,14,0,0
Allan Fontes,9/9/1982,683-24-6576,95002,Private,Masters,14,Married-civ-spouse,Prof-specialty,Wife,White,Female,50,United-States,>50K,41,0,0
Allin Banner,3/19/1971,572-68-0470,56010,Private,Bachelors,13,Never-married,Exec-managerial,Own-child,Amer-Indian-Eskimo,Female,40,United-States,<=50K,52,0,0
Chrissy Moralee,1/7/1979,659-42-8884,60913,Private,Some-college,10,Married-civ-spouse,Machine-op-inspct,Husband,White,Male,40,United-States,<=50K,44,0,0
Merry Hember,9/15/1963,855-34-4283,33121,,HS-grad,9,Never-married,,Own-child,White,Male,40,United-States,<=50K,60,0,0
Andrus Pirot,4/19/2005,898-02-7962,42852,Private,7th-8th,4,Never-married,Farming-fishing,Unmarried,Black,Female,20,United-States,<=50K,18,0,0
Gussi Bracken,1/21/1994,228-83-2646,88052,Private,HS-grad,9,Married-civ-spouse,Exec-managerial,Wife,White,Female,40,United-States,>50K,29,15024,0
Mathe Quinane,3/30/1987,132-57-1467,15082,Private,Assoc-acdm,12,Married-spouse-absent,Exec-managerial,Unmarried,Asian-Pac-Islander,Female,31,Laos,<=50K,36,0,0
Clementia Robshaw,2/11/1988,244-07-1762,99654,Private,Some-college,10,Divorced,Adm-clerical,Unmarried,White,Female,30,United-States,<=50K,35,0,0
Cozmo Bruckmann,8/25/1974,408-57-2099,11374,Private,HS-grad,9,Married-civ-spouse,Transport-moving,Husband,White,Male,50,United-States,<=50K,49,0,0
Torrey Stradling,4/4/1981,202-28-2187,28708,Private,Bachelors,13,Never-married,Farming-fishing,Own-child,White,Male,50,United-States,<=50K,42,0,0
Marina Muxworthy,7/9/1969,343-74-7854,60088,Private,Bachelors,13,Married-civ-spouse,Exec-managerial,Husband,White,Male,50,United-States,>50K,54,0,0
Larry Kibblewhite,8/23/1990,568-23-2290,16429,State-gov,Bachelors,13,Never-married,Adm-clerical,Not-in-family,White,Male,40,United-States,<=50K,33,0,0
Neils Chaytor,8/16/2011,281-72-0432,87402,Private,HS-grad,9,Married-civ-spouse,Machine-op-inspct,Husband,White,Male,40,United-States,>50K,12,0,0
Timmy Filipychev,5/13/1958,771-57-6472,81936,Self-emp-not-inc,Bachelors,13,Married-civ-spouse,Prof-specialty,Husband,White,Male,45,United-States,>50K,65,0,0
Layney Warrick,4/14/2009,472-52-7068,61899,Self-emp-not-inc,Some-college,10,Never-married,Craft-repair,Own-child,White,Male,40,United-States,<=50K,14,0,0
Annamaria Rodgers,7/27/1991,263-75-2141,44674,Private,9th,5,Married-civ-spouse,Machine-op-inspct,Husband,Black,Male,40,United-States,<=50K,32,0,0
Collette Teague,6/24/1997,122-19-6721,53826,Self-emp-not-inc,Bachelors,13,Married-civ-spouse,Sales,Husband,White,Male,60,United-States,<=50K,26,0,0
Blythe Crass,1/10/1998,423-85-8709,55511,Private,HS-grad,9,Divorced,Other-service,Own-child,Black,Female,40,United-States,<=50K,25,0,0
Carole Horrigan,6/23/1956,339-33-1080,60436,Private,Bachelors,13,Married-civ-spouse,Adm-clerical,Wife,White,Female,40,Cuba,>50K,67,0,0
Salomone Dismore,8/7/1996,365-74-7725,74398,Federal-gov,Doctorate,16,Married-civ-spouse,Prof-specialty,Husband,White,Male,60,Germany,>50K,27,15024,0
Alyson Tuppeny,1/13/1983,327-60-7169,19013,Private,Some-college,10,Widowed,Sales,Not-in-family,White,Female,34,United-States,<=50K,40,0,0
Storm Wombwell,11/15/2003,379-07-8383,9979,Private,Prof-school,15,Married-civ-spouse,Prof-specialty,Husband,White,Male,45,United-States,>50K,20,15024,0
Betsy Axtens,10/24/1959,184-83-8895,46549,Private,Bachelors,13,Married-civ-spouse,Sales,Husband,White,Male,40,United-States,<=50K,64,0,0
Collette Libbe,12/30/2000,804-18-5037,4826,Local-gov,HS-grad,9,Married-civ-spouse,Handlers-cleaners,Husband,White,Male,40,United-States,<=50K,23,3471,0
Mercy Cordero,5/12/1968,399-83-5925,66115,Self-emp-inc,Prof-school,15,Married-civ-spouse,Prof-specialty,Husband,White,Male,45,United-States,>50K,55,0,0
Meredith Orgel,1/5/1974,633-96-4203,41887,Self-emp-not-inc,HS-grad,9,Married-civ-spouse,Exec-managerial,Husband,White,Male,35,United-States,<=50K,49,0,0
Thebault Ravenscroftt,3/21/1981,262-08-2604,60715,Self-emp-not-inc,Assoc-voc,11,Never-married,Farming-fishing,Not-in-family,Amer-Indian-Eskimo,Male,75,United-States,<=50K,42,0,0
Florie Clover,12/1/1964,691-81-9911,73937,Private,10th,6,Married-civ-spouse,Craft-repair,Husband,White,Male,48,United-States,<=50K,59,0,0
Tony Annets,2/9/1974,441-83-0664,67935,Private,HS-grad,9,Separated,Machine-op-inspct,Unmarried,White,Female,24,United-States,<=50K,49,0,0
Moise Balsom,11/2/1972,861-57-9853,1444,State-gov,Some-college,10,Never-married,Prof-specialty,Not-in-family,White,Female,8,United-States,<=50K,51,0,0
Dylan Popeley,2/1/2011,199-27-7025,55787,Private,5th-6th,3,Married-civ-spouse,Handlers-cleaners,Husband,Other,Male,40,Mexico,<=50K,12,0,0
Lillis Mullin,2/3/1974,739-17-7214,57317,Private,HS-grad,9,Never-married,Transport-moving,Own-child,White,Female,40,United-States,<=50K,49,0,0
Terri Ginsie,11/25/1959,810-60-9278,44781,Private,HS-grad,9,Never-married,Sales,Not-in-family,White,Female,20,United-States,<=50K,64,0,0
Caspar Tumielli,2/8/1969,450-75-6065,13755,Private,Bachelors,13,Married-civ-spouse,Sales,Husband,White,Male,40,United-States,>50K,54,7298,0
Tate Chalk,2/10/1997,651-03-6450,58476,Private,HS-grad,9,Widowed,Machine-op-inspct,Not-in-family,White,Female,48,United-States,<=50K,26,0,0
Kelly Ragbourn,9/18/1984,260-79-5495,87595,Private,Prof-school,15,Married-civ-spouse,Sales,Wife,Amer-Indian-Eskimo,Female,40,South,>50K,39,15024,0
Wilie Woodworth,10/10/1985,862-91-9150,45283,Private,Some-college,10,Married-civ-spouse,Craft-repair,Husband,Asian-Pac-Islander,Male,40,United-States,<=50K,38,0,0
Buddie Mitchenson,9/18/1997,849-16-8206,78288,Private,Bachelors,13,Never-married,Exec-managerial,Not-in-family,White,Female,55,United-States,<=50K,26,0,0
Chance Hedgecock,5/11/2000,352-84-1390,14272,State-gov,Some-college,10,Separated,Adm-clerical,Unmarried,White,Female,50,United-States,<=50K,23,0,0
Halette Bygott,2/14/2004,306-07-7028,77436,Self-emp-inc,Prof-school,15,Never-married,Prof-specialty,Not-in-family,White,Male,40,United-States,>50K,19,27828,0
Theresa Tebald,3/8/1998,557-58-1238,32289,Private,Some-college,10,Divorced,Adm-clerical,Not-in-family,White,Female,40,United-States,<=50K,25,0,0
Paulie Pengilly,1/16/1959,868-58-2302,55076,Private,Masters,14,Married-civ-spouse,Exec-managerial,Husband,White,Male,40,United-States,<=50K,64,0,0
Kathrine Fynan,5/16/1999,800-19-7091,24717,Private,Bachelors,13,Married-spouse-absent,Prof-specialty,Not-in-family,Asian-Pac-Islander,Female,40,Philippines,<=50K,24,0,0
Benetta Redmain,10/12/1966,555-71-8661,56674,Private,Bachelors,13,Never-married,Prof-specialty,Not-in-family,White,Female,40,United-States,<=50K,57,0,0
Brandice Tyhurst,4/26/1998,702-04-9136,55990,Private,HS-grad,9,Never-married,Other-service,Not-in-family,White,Female,35,United-States,<=50K,25,0,0
Deny Maylott,8/7/1988,890-78-7436,62643,Private,Assoc-voc,11,Married-civ-spouse,Craft-repair,Husband,White,Male,40,United-States,<=50K,35,0,0
Norby Bernardt,1/29/1991,584-05-8696,42565,Private,10th,6,Never-married,Sales,Own-child,White,Female,12,United-States,<=50K,32,0,0
Pietrek Dalgarno,4/13/1963,179-35-3575,98536,Federal-gov,HS-grad,9,Never-married,Adm-clerical,Not-in-family,Black,Female,40,United-States,<=50K,60,0,0
Bria Cathrae,2/28/1957,464-80-6359,26388,Private,11th,7,Divorced,Sales,Unmarried,White,Female,35,United-States,<=50K,66,0,0
Edlin Millgate,6/3/1963,419-04-9386,72785,Private,10th,6,Never-married,Sales,Other-relative,White,Male,40,United-States,<=50K,60,0,1980
Aleta Acott,12/16/1950,851-59-1873,51027,Private,HS-grad,9,Never-married,Machine-op-inspct,Not-in-family,White,Male,40,United-States,<=50K,73,0,0
Ax De Avenell,11/17/1961,414-22-5142,75151,Private,HS-grad,9,Divorced,Other-service,Unmarried,Amer-Indian-Eskimo,Female,40,United-States,<=50K,62,6849,0
Barbee Langtree,7/8/1962,304-84-1049,86400,Private,HS-grad,9,Never-married,Handlers-cleaners,Own-child,White,Male,52,United-States,<=50K,61,0,0
Ty Mellody,10/16/2002,764-49-5796,3177,Private,HS-grad,9,Married-AF-spouse,Other-service,Other-relative,White,Female,10,United-States,<=50K,21,0,0
Patrice Budd,3/27/2004,374-29-9624,48109,Private,Bachelors,13,Married-civ-spouse,Sales,Husband,White,Male,45,United-States,>50K,19,0,0
Cherish Caldaro,9/11/1953,199-71-1909,67914,Private,HS-grad,9,Never-married,Adm-clerical,Own-child,White,Male,40,United-States,<=50K,70,0,0
Miranda Kopje,4/11/1997,751-97-7578,83229,Private,Bachelors,13,Married-civ-spouse,Sales,Husband,White,Male,35,United-States,<=50K,26,0,0
Hesther Bowmer,9/18/1972,166-86-5051,21192,Private,Preschool,1,Married-civ-spouse,Craft-repair,Husband,Asian-Pac-Islander,Male,40,India,<=50K,51,0,0
Waldon Fossitt,6/20/1962,379-17-8835,36892,Private,Masters,14,Separated,Other-service,Own-child,White,Female,40,United-States,<=50K,61,0,0
Ami Capponeer,8/7/2009,411-93-9126,72451,Private,Prof-school,15,Widowed,Other-service,Not-in-family,White,Male,35,United-States,<=50K,14,0,0
Susanne Ordidge,12/15/1967,745-83-7282,798,Private,Bachelors,13,Married-civ-spouse,Craft-repair,Husband,White,Male,45,United-States,<=50K,56,0,0
Lisle Roscoe,4/28/2002,280-13-9880,72869,,12th,8,Never-married,,Own-child,Other,Male,40,United-States,<=50K,21,0,0
Nari Keyes,1/19/1993,860-70-6583,35710,Private,HS-grad,9,Divorced,Adm-clerical,Not-in-family,White,Male,40,United-States,<=50K,30,0,0
Iago Benedek,2/27/1951,620-63-0120,18171,Private,HS-grad,9,Married-civ-spouse,Sales,Husband,White,Male,50,United-States,<=50K,72,0,0
Quent Roblett,3/3/1962,505-58-9076,2544,Local-gov,HS-grad,9,Divorced,Protective-serv,Own-child,White,Male,40,United-States,<=50K,61,0,0
Hilly Blagden,11/11/1984,410-86-3204,68473,Private,Bachelors,13,Never-married,Craft-repair,Own-child,White,Male,40,Mexico,<=50K,39,0,0
Artemas Isacoff,11/1/1966,455-29-3959,66761,Private,Assoc-voc,11,Married-civ-spouse,Craft-repair,Husband,White,Male,40,United-States,<=50K,57,3411,0
Sunny Goolden,1/17/1961,585-98-4766,99525,Private,HS-grad,9,Widowed,Other-service,Unmarried,White,Female,16,United-States,<=50K,62,0,0
Locke McRamsey,2/24/1971,511-92-7559,89117,State-gov,Bachelors,13,Married-civ-spouse,Prof-specialty,Wife,White,Female,38,United-States,<=50K,52,0,1672
Gaspard Lowdes,1/8/1963,151-61-3509,69315,Private,HS-grad,9,Never-married,Farming-fishing,Own-child,White,Male,40,United-States,<=50K,60,0,0
Westley Gudgen,3/22/2000,678-05-1089,61402,Private,HS-grad,9,Married-civ-spouse,Transport-moving,Husband,White,Male,50,United-States,>50K,23,0,0
Hillel Wafer,5/4/2004,888-63-9565,4145,Private,HS-grad,9,Never-married,Other-service,Own-child,White,Female,30,United-States,<=50K,19,0,0
Michale Sabie,11/2/1986,476-80-7982,32673,Local-gov,Assoc-acdm,12,Divorced,Exec-managerial,Not-in-family,Black,Female,40,United-States,<=50K,37,0,0
Carlye Miere,12/10/2004,401-65-3701,59700,Private,HS-grad,9,Never-married,Transport-moving,Own-child,White,Male,50,United-States,<=50K,19,0,0
Glynnis Roskilly,10/2/1977,584-26-2694,53177,Private,Bachelors,13,Married-civ-spouse,Sales,Husband,White,Male,40,United-States,>50K,46,0,0
Mollie Tweedell,9/2/2005,333-50-5179,17658,Private,Some-college,10,Married-civ-spouse,Exec-managerial,Husband,White,Male,40,United-States,>50K,18,0,0
Hanson Nevison,11/22/1992,458-37-1765,44490,Private,Some-college,10,Married-civ-spouse,Sales,Husband,White,Male,50,United-States,<=50K,31,0,1740
Cally Labitt,1/21/1976,679-15-9321,82879,Private,10th,6,Never-married,Farming-fishing,Own-child,White,Male,40,United-States,<=50K,47,0,0
Willy Hamner,10/5/1951,837-63-4544,86597,Private,Prof-school,15,Married-civ-spouse,Prof-specialty,Husband,White,Male,60,,>50K,72,0,0
Katinka Stanyard,1/10/2010,247-68-8178,28390,Private,9th,5,Separated,Craft-repair,Unmarried,Black,Male,40,United-States,<=50K,13,0,0
Micheil Ricardou,2/14/1968,344-98-3922,89379,Self-emp-not-inc,Prof-school,15,Never-married,Prof-specialty,Not-in-family,White,Male,60,United-States,<=50K,55,1086,0
Saw Bunton,9/20/1978,190-59-9816,5267,Private,HS-grad,9,Married-civ-spouse,Craft-repair,Husband,White,Male,40,United-States,>50K,45,0,0
Walker Jentzsch,5/19/2003,585-40-8079,86923,Private,Bachelors,13,Never-married,Tech-support,Not-in-family,White,Male,60,Hungary,<=50K,20,0,0
Elfreda Noone,7/27/1955,631-44-5946,63161,Private,Some-college,10,Divorced,Adm-clerical,Not-in-family,White,Female,63,United-States,<=50K,68,0,0
Gui Bourner,11/28/1982,373-73-4079,68177,Private,Some-college,10,Widowed,Adm-clerical,Unmarried,White,Female,12,United-States,<=50K,41,0,0
Stesha Nipper,3/5/1952,648-28-6947,66698,Private,HS-grad,9,Married-civ-spouse,Machine-op-inspct,Husband,White,Male,40,United-States,<=50K,71,0,0
Yehudit Lydiate,3/22/1983,575-19-8885,76204,Private,HS-grad,9,Married-civ-spouse,Craft-repair,Husband,Black,Male,40,United-States,>50K,40,0,1902
Judon Ingrem,2/1/1997,468-31-1341,69140,Private,Some-college,10,Never-married,Adm-clerical,Not-in-family,White,Male,60,United-States,<=50K,26,0,0
Ivor Skeemor,9/3/2009,416-30-3228,84692,Federal-gov,Some-college,10,Divorced,Exec-managerial,Unmarried,White,Male,60,United-States,>50K,14,0,0
Cirillo Krates,2/13/2010,736-03-6510,78715,Local-gov,9th,5,Married-civ-spouse,Other-service,Wife,White,Female,40,Yugoslavia,>50K,13,0,0
Larisa Willstrop,10/7/2004,133-50-4187,98610,Private,HS-grad,9,Married-civ-spouse,Adm-clerical,Husband,White,Male,45,United-States,<=50K,19,2580,0
Rose Beddow,1/22/1972,588-06-4163,97602,Private,10th,6,Never-married,Other-service,Own-child,Black,Female,32,United-States,<=50K,51,0,0
Perle Bowhey,6/29/1966,205-82-9936,88127,Private,HS-grad,9,Married-civ-spouse,Sales,Wife,White,Female,50,United-States,<=50K,57,0,0
Ebenezer Nickolls,12/26/1983,783-59-0794,52421,Self-emp-not-inc,Bachelors,13,Married-civ-spouse,Prof-specialty,Husband,White,Male,55,United-States,>50K,40,0,0
Kristos Burle,7/23/1953,489-84-9025,86209,Private,HS-grad,9,Married-civ-spouse,Craft-repair,Husband,White,Male,42,United-States,>50K,70,0,1848
Hube Ransbury,9/13/2011,381-67-5054,32312,Private,HS-grad,9,Married-civ-spouse,Craft-repair,Husband,White,Male,40,United-States,>50K,12,0,0
Milka Jacquet,8/27/2003,551-97-0420,96058,Private,HS-grad,9,Married-civ-spouse,Prof-specialty,Husband,White,Male,30,United-States,<=50K,20,0,0
Belita Innott,6/12/2007,466-13-0831,67446,Private,Some-college,10,Never-married,Adm-clerical,Own-child,White,Male,15,United-States,<=50K,16,0,1602
Jenny Bankhurst,3/11/1951,640-34-7667,43191,Private,HS-grad,9,Married-civ-spouse,Other-service,Husband,White,Male,45,United-States,<=50K,72,0,0
Reggie Attwool,4/30/1954,300-86-2797,67872,Private,HS-grad,9,Married-civ-spouse,Adm-clerical,Husband,White,Male,45,United-States,<=50K,69,0,0
Templeton Tollow,9/6/1956,696-61-2450,74506,Private,Some-college,10,Married-civ-spouse,Exec-managerial,Husband,White,Male,50,United-States,<=50K,67,0,0
Lelah O'Lynn,4/30/1983,267-18-3003,23216,Self-emp-inc,Doctorate,16,Married-civ-spouse,Prof-specialty,Husband,White,Male,60,Canada,>50K,40,7688,0
Chery Antunes,8/17/1972,562-98-6336,8385,Private,HS-grad,9,Married-civ-spouse,Exec-managerial,Husband,White,Male,45,United-States,>50K,51,0,1902
Kimberlee Briamo,11/4/1954,548-14-7597,48438,Private,Some-college,10,Never-married,Craft-repair,Not-in-family,White,Male,40,United-States,<=50K,69,0,0
Debora Delacour,6/16/1952,857-17-7961,10508,Private,Some-college,10,Divorced,Other-service,Own-child,White,Female,40,United-States,<=50K,71,0,0
Anne-marie Dumberrill,2/1/1985,793-27-2838,99332,Self-emp-inc,Some-college,10,Married-civ-spouse,Sales,Husband,White,Male,35,United-States,>50K,38,0,0
Annelise Portriss,4/22/1974,180-35-4955,74731,Private,HS-grad,9,Married-civ-spouse,Craft-repair,Husband,White,Male,50,United-States,>50K,49,0,0
Rosalinda O'Glassane,3/16/1992,426-39-9757,16826,Private,HS-grad,9,Married-civ-spouse,Prof-specialty,Husband,White,Male,60,United-States,<=50K,31,0,2377
Care Mirando,7/28/2012,745-91-5956,2762,Private,11th,7,Never-married,Sales,Not-in-family,White,Female,40,Honduras,<=50K,11,0,0
Elyse Iwanczyk,1/18/1989,724-37-6323,90288,Private,HS-grad,9,Never-married,Machine-op-inspct,Not-in-family,White,Female,60,United-States,<=50K,34,0,0
Quincey Audas,4/24/1971,461-77-4905,48216,Local-gov,HS-grad,9,Divorced,Adm-clerical,Not-in-family,White,Female,46,United-States,<=50K,52,0,0
Manda Gaughan,6/25/1952,138-55-3450,95798,Private,HS-grad,9,Divorced,Machine-op-inspct,Own-child,Black,Female,35,United-States,<=50K,71,0,0
Ingrid Pollendine,2/16/1967,275-60-3265,14266,Federal-gov,Bachelors,13,Married-civ-spouse,Craft-repair,Husband,White,Male,40,United-States,<=50K,56,0,1740
Osgood Sergeaunt,6/12/2003,633-05-0403,76317,Private,5th-6th,3,Married-civ-spouse,Farming-fishing,Husband,White,Male,40,Mexico,<=50K,20,0,0
Olvan Heinzler,1/8/1959,760-77-3169,34247,Local-gov,Bachelors,13,Never-married,Prof-specialty,Not-in-family,Black,Female,40,United-States,<=50K,64,0,0
Teodoro McKeady,1/1/2000,659-24-7236,83588,Self-emp-not-inc,Some-college,10,Married-civ-spouse,Other-service,Husband,Black,Male,40,United-States,<=50K,23,0,0
Tadd Fernandes,5/14/1994,390-32-9379,57539,Private,HS-grad,9,Divorced,Machine-op-inspct,Not-in-family,White,Female,40,United-States,<=50K,29,0,0
Tades Mateuszczyk,11/17/1984,867-28-7659,7967,Private,HS-grad,9,Married-civ-spouse,Craft-repair,Husband,White,Male,40,United-States,>50K,39,0,0
Jourdain Klimkowski,2/9/1995,639-63-3109,31243,Private,Bachelors,13,Divorced,Prof-specialty,Own-child,White,Female,40,United-States,<=50K,28,0,0
Drusie Yancey,2/2/1968,555-01-8538,9212,Private,Some-college,10,Never-married,Tech-support,Own-child,White,Male,40,United-States,<=50K,55,0,0
Merry Oneile,7/3/2006,324-28-2901,33837,Private,HS-grad,9,Married-civ-spouse,Machine-op-inspct,Husband,White,Male,40,United-States,<=50K,17,0,0
Lacy Rodman,3/10/1991,136-25-9050,18153,Local-gov,HS-grad,9,Married-civ-spouse,Craft-repair,Husband,White,Male,40,United-States,>50K,32,99999,0
Guillaume Doret,12/7/2002,804-86-7533,61265,Local-gov,Some-college,10,Never-married,Protective-serv,Not-in-family,White,Male,50,United-States,>50K,21,0,0
Dominica Rulten,3/24/1978,809-73-2930,22420,Private,Masters,14,Married-civ-spouse,Prof-specialty,Husband,White,Male,50,United-States,>50K,45,0,0
Wolfie Bossel,7/13/1959,426-50-0499,49831,Private,Prof-school,15,Never-married,Prof-specialty,Other-relative,White,Male,50,United-States,<=50K,64,0,0
Boote Kem,9/25/1997,814-45-9177,73998,Local-gov,Bachelors,13,Separated,Prof-specialty,Unmarried,White,Female,55,United-States,<=50K,26,5455,0
Kiel Yurocjkin,12/11/1993,150-37-0032,5091,Private,HS-grad,9,Never-married,Other-service,Not-in-family,White,Female,40,United-States,<=50K,30,0,0
Burt Cringle,12/3/1968,189-33-0923,37550,Private,Assoc-voc,11,Never-married,Adm-clerical,Other-relative,White,Female,36,United-States,<=50K,55,0,0
Emory Fedorchenko,8/26/1993,390-16-4097,54244,Self-emp-not-inc,Prof-school,15,Married-civ-spouse,Prof-specialty,Husband,White,Male,80,United-States,>50K,30,0,2415
Reggie Roscher,6/15/1968,440-02-8936,68962,Private,Assoc-acdm,12,Married-civ-spouse,Adm-clerical,Husband,White,Male,42,United-States,>50K,55,7688,0
Deedee Simmance,5/20/1976,424-03-2272,60381,Private,Some-college,10,Married-civ-spouse,Adm-clerical,Husband,White,Male,40,United-States,>50K,47,0,0
Kenton Daye,2/22/2006,801-86-0276,61881,Private,HS-grad,9,Never-married,Sales,Unmarried,White,Male,38,United-States,<=50K,17,0,0
Barthel Sketh,7/3/1968,357-01-2474,98625,State-gov,Some-college,10,Married-civ-spouse,Protective-serv,Husband,White,Male,40,United-States,<=50K,55,0,0
Merry Roskam,6/7/1981,398-37-0578,49496,Private,HS-grad,9,Married-civ-spouse,Machine-op-inspct,Husband,White,Male,40,United-States,>50K,42,0,1887
Antoni Atte-Stone,1/4/1998,253-82-3074,29876,Private,HS-grad,9,Never-married,Adm-clerical,Other-relative,White,Female,40,United-States,<=50K,25,0,0
Jobye Losel,4/4/1964,378-73-8759,52726,Federal-gov,Bachelors,13,Never-married,Prof-specialty,Own-child,White,Female,40,United-States,<=50K,59,0,0
Herold Brandolini,1/23/2004,812-10-1065,3453,Local-gov,Bachelors,13,Divorced,Prof-specialty,Unmarried,Black,Female,40,United-States,<=50K,19,0,0
Evangelin Greated,11/24/1955,335-24-0395,22635,Private,HS-grad,9,Never-married,Other-service,Own-child,White,Female,52,United-States,<=50K,68,0,0
Kirbee Yandell,6/28/2008,224-19-0815,88767,Self-emp-not-inc,11th,7,Never-married,Craft-repair,Own-child,White,Male,50,Mexico,<=50K,15,0,0
Johannah Leneham,6/3/1973,537-30-8872,19972,Private,Masters,14,Married-civ-spouse,Prof-specialty,Husband,White,Male,40,United-States,>50K,50,0,0
Monique Boake,6/4/1978,278-11-2370,79882,Private,Some-college,10,Never-married,Sales,Other-relative,White,Male,65,United-States,<=50K,45,0,0
Eva Favill,8/11/1960,845-60-4395,20171,Private,HS-grad,9,Widowed,Machine-op-inspct,Not-in-family,White,Female,32,United-States,<=50K,63,0,0
Saraann Coward,4/3/1983,390-82-4089,28433,Self-emp-not-inc,9th,5,Married-civ-spouse,Farming-fishing,Husband,White,Male,25,United-States,<=50K,40,0,0
Joshua Freiberg,8/11/1998,389-49-8445,26563,Private,Bachelors,13,Married-civ-spouse,Sales,Husband,White,Male,40,United-States,>50K,25,0,0
Julietta Deniskevich,5/28/1960,824-32-5527,15761,Private,Bachelors,13,Widowed,Other-service,Not-in-family,White,Female,40,United-States,<=50K,63,0,0
Tris Nanuccioi,6/2/1994,840-86-4966,17175,,Some-college,10,Married-civ-spouse,,Husband,White,Male,40,United-States,<=50K,29,0,0
Isabelle Lindfors,10/16/1959,516-43-6313,72313,Private,Some-college,10,Separated,Other-service,Not-in-family,Black,Male,40,,<=50K,64,0,0
Amie Coard,4/18/2011,274-21-1635,71991,,5th-6th,3,Married-civ-spouse,,Husband,White,Male,49,United-States,<=50K,12,0,0
Moe Bittleson,4/9/1994,362-41-9441,89385,Private,HS-grad,9,Married-civ-spouse,Adm-clerical,Husband,White,Male,45,United-States,>50K,29,0,0
Colas Friedank,9/27/1958,785-43-0321,52196,Private,Doctorate,16,Married-civ-spouse,Prof-specialty,Husband,White,Male,50,United-States,>50K,65,0,1902
Delbert Garrat,11/10/2007,885-29-2206,86813,Self-emp-not-inc,HS-grad,9,Married-civ-spouse,Farming-fishing,Husband,White,Male,50,United-States,<=50K,16,0,0
Teddy Silvermann,2/22/2005,302-63-2053,15208,Private,HS-grad,9,Divorced,Sales,Not-in-family,White,Female,40,United-States,<=50K,18,0,1504
Ray Annakin,6/27/2010,693-35-1047,1411,Private,HS-grad,9,Never-married,Other-service,Other-relative,Asian-Pac-Islander,Male,24,United-States,<=50K,13,0,0
Netta Moulson,1/31/1963,574-65-7065,4444,Private,HS-grad,9,Married-civ-spouse,Sales,Husband,White,Male,99,United-States,>50K,60,0,1977
Georgia Spir,11/28/1975,580-51-2043,20858,,Some-college,10,Separated,,Unmarried,White,Male,40,United-States,<=50K,48,0,0
Matthias Fayers,10/31/2003,857-90-0092,43595,Private,5th-6th,3,Never-married,Other-service,Own-child,White,Male,40,El-Salvador,<=50K,20,0,0
Rafferty Sparshatt,5/27/1979,134-14-2248,61581,,5th-6th,3,Married-civ-spouse,,Husband,White,Male,30,United-States,>50K,44,0,0
Reilly Maestro,1/29/1999,441-20-2377,63979,Private,10th,6,Divorced,Adm-clerical,Unmarried,White,Female,40,United-States,<=50K,24,0,0
Pinchas Vasser,9/3/1991,423-76-7281,27369,Private,Masters,14,Never-married,Prof-specialty,Not-in-family,White,Male,30,United-States,<=50K,32,0,0
Noby Trumper,12/8/1975,377-02-3973,93241,Private,HS-grad,9,Never-married,Handlers-cleaners,Own-child,Black,Female,40,United-States,<=50K,48,0,0
Siward Hillitt,12/24/1990,645-69-3736,46694,Private,Some-college,10,Married-civ-spouse,Craft-repair,Husband,White,Male,40,United-States,>50K,33,0,0
Nariko Gaitskill,6/24/2009,369-90-5582,17713,Self-emp-not-inc,HS-grad,9,Married-civ-spouse,Farming-fishing,Husband,White,Male,60,United-States,>50K,14,0,1902
Wendeline Paeckmeyer,4/19/1986,876-37-4077,88274,Private,10th,6,Married-civ-spouse,Other-service,Husband,White,Male,40,United-States,<=50K,37,0,0
Scot Leyninye,8/27/2005,499-24-4032,93513,State-gov,HS-grad,9,Married-civ-spouse,Handlers-cleaners,Husband,White,Male,40,United-States,<=50K,18,0,0
Diahann Fritschel,6/24/1998,170-14-3480,65939,Local-gov,HS-grad,9,Never-married,Transport-moving,Own-child,White,Male,40,United-States,<=50K,25,0,0
Cherie Decroix,6/2/1989,163-27-8795,29416,Private,HS-grad,9,Married-civ-spouse,Transport-moving,Husband,White,Male,45,United-States,<=50K,34,0,0
Grantham Bentzen,3/15/2005,565-88-0800,99843,Local-gov,Assoc-voc,11,Never-married,Craft-repair,Own-child,White,Female,40,United-States,<=50K,18,0,0
Teri Cavill,10/5/1974,193-25-1143,44657,Private,Assoc-acdm,12,Never-married,Sales,Own-child,Black,Female,36,United-States,<=50K,49,0,0
Brandi Staten,5/1/2001,570-90-4755,19332,Private,Some-college,10,Married-civ-spouse,Adm-clerical,Husband,White,Male,45,United-States,>50K,22,0,0
Margalo Handrik,7/19/1996,321-44-4681,88641,Private,HS-grad,9,Never-married,Adm-clerical,Own-child,White,Female,40,Cuba,<=50K,27,0,0
Culver Pedrocchi,7/11/2010,664-59-6706,87844,Private,Some-college,10,Divorced,Sales,Unmarried,White,Male,55,United-States,>50K,13,0,0
Ariella Channer,4/13/2003,149-14-4868,16194,Private,Some-college,10,Divorced,Exec-managerial,Not-in-family,White,Female,48,United-States,<=50K,20,0,0
Shaine Lamp,10/27/1982,651-81-1600,10609,Self-emp-not-inc,Bachelors,13,Never-married,Sales,Not-in-family,Black,Female,50,United-States,<=50K,41,2174,0
Janey Loftus,7/16/1999,879-84-2056,51354,Private,Assoc-voc,11,Married-civ-spouse,Craft-repair,Husband,White,Male,76,United-States,<=50K,24,0,0
Cyb Brockway,6/27/1992,173-96-9607,95269,Private,Assoc-voc,11,Never-married,Other-service,Own-child,White,Male,20,United-States,<=50K,31,0,0
Kizzie Hunnisett,11/3/1957,186-04-7541,59379,Private,HS-grad,9,Never-married,Sales,Not-in-family,White,Female,40,United-States,<=50K,66,0,0
Kassi Macartney,4/16/1968,637-42-2654,47046,Private,HS-grad,9,Married-civ-spouse,Craft-repair,Husband,White,Male,40,United-States,<=50K,55,0,0
Fransisco Stone Fewings,6/8/2005,899-61-3200,34795,Private,HS-grad,9,Separated,Machine-op-inspct,Own-child,White,Male,40,United-States,<=50K,18,0,0
Leicester Alberts,11/15/2010,501-95-2709,41722,Private,Bachelors,13,Divorced,Exec-managerial,Unmarried,White,Female,40,United-States,<=50K,13,0,0
Cornelle Rennebach,8/20/2010,250-36-9721,77927,,7th-8th,4,Married-civ-spouse,,Husband,White,Male,2,United-States,<=50K,13,0,0
Conrado Rubinfeld,8/13/2004,654-81-2150,90162,Private,Bachelors,13,Married-civ-spouse,Prof-specialty,Husband,White,Male,45,Italy,>50K,19,0,0
Gunilla Pettigrew,11/6/1962,511-03-3690,51998,Private,HS-grad,9,Married-civ-spouse,Handlers-cleaners,Husband,White,Male,50,United-States,<=50K,61,0,0
Brooks Cortin,8/10/1957,623-45-6981,16482,Private,HS-grad,9,Married-civ-spouse,Other-service,Husband,White,Male,45,,<=50K,66,0,0
Torey Moffatt,6/9/1968,894-40-3516,38596,Private,Some-college,10,Widowed,Adm-clerical,Not-in-family,White,Female,25,United-States,<=50K,55,0,0
Law Angeli,7/26/1954,319-64-9065,62291,Private,Some-college,10,Never-married,Other-service,Not-in-family,White,Male,24,United-States,<=50K,69,0,0
Goddard Kraft,3/5/1989,801-15-0277,81821,Private,HS-grad,9,Never-married,Transport-moving,Unmarried,White,Male,52,United-States,<=50K,34,0,0
Katy Scotson,7/27/1991,406-81-3632,15631,Private,Some-college,10,Divorced,Machine-op-inspct,Unmarried,White,Male,48,United-States,<=50K,32,0,0
Agatha Dillet,11/26/1986,541-58-8311,73336,Private,Bachelors,13,Divorced,Exec-managerial,Not-in-family,White,Female,45,United-States,>50K,37,0,0
Clevie Schimoni,10/17/1989,787-78-1258,87125,Private,9th,5,Married-spouse-absent,Other-service,Not-in-family,Black,Female,16,Jamaica,<=50K,34,0,0
Candida Nabbs,12/11/1956,153-23-2678,57912,Self-emp-not-inc,HS-grad,9,Married-civ-spouse,Farming-fishing,Husband,White,Male,55,United-States,<=50K,67,0,0
Padgett Marklew,8/28/1994,750-38-5943,13531,Private,Some-college,10,Never-married,Sales,Not-in-family,White,Male,45,United-States,<=50K,29,0,0
Tammie Shoesmith,3/13/1960,311-61-4488,43617,State-gov,Some-college,10,Never-married,Other-service,Own-child,White,Female,15,United-States,<=50K,63,0,0
Hurley Adamsson,11/2/1966,219-41-6472,31968,Local-gov,Masters,14,Divorced,Exec-managerial,Unmarried,White,Female,65,United-States,>50K,57,0,0
Andres Moff,2/1/1992,497-14-6104,82234,Private,Some-college,10,Never-married,Prof-specialty,Own-child,White,Female,8,United-States,<=50K,31,0,0
Lucien Pamment,10/17/1977,640-87-0785,53262,Private,Some-college,10,Divorced,Adm-clerical,Not-in-family,Black,Male,40,United-States,<=50K,46,0,0
Robbie Marthen,5/22/1994,714-16-8074,91488,Private,Some-college,10,Married-civ-spouse,Handlers-cleaners,Husband,White,Male,40,United-States,>50K,29,0,1887
Guillaume Tschirschky,5/31/1990,124-90-1166,41725,Private,Bachelors,13,Never-married,Exec-managerial,Own-child,Asian-Pac-Islander,Female,40,United-States,<=50K,33,0,0
Tallie Verney,4/20/1986,184-77-3092,87371,Private,Bachelors,13,Married-civ-spouse,Exec-managerial,Husband,White,Male,40,United-States,>50K,37,0,0
Rorke Jzak,8/2/2012,788-02-1597,11672,Private,Some-college,10,Never-married,Other-service,Own-child,White,Male,24,United-States,<=50K,11,0,0
Lorri De Domenicis,10/10/1989,318-13-4251,9739,Private,HS-grad,9,Never-married,Sales,Not-in-family,Asian-Pac-Islander,Female,25,United-States,<=50K,34,0,0
Sadella Volcker,5/9/1977,399-37-6458,38283,Private,Some-college,10,Divorced,Protective-serv,Unmarried,Black,Female,30,United-States,<=50K,46,0,0
Georgine Wallbridge,12/24/1950,384-08-7040,49929,Private,Masters,14,Married-civ-spouse,Exec-managerial,Husband,White,Male,50,United-States,>50K,73,99999,0
Wilton Barnet,6/26/1982,110-16-8579,13341,Private,Bachelors,13,Separated,Exec-managerial,Unmarried,White,Female,42,United-States,<=50K,41,0,0
Bern Forrestall,6/26/1989,532-07-5132,72745,Self-emp-not-inc,Bachelors,13,Married-civ-spouse,Sales,Husband,White,Male,48,United-States,<=50K,34,0,0
Cathryn Huelin,9/4/1960,558-23-1047,31621,Federal-gov,Some-college,10,Married-civ-spouse,Exec-managerial,Husband,White,Male,50,United-States,>50K,63,0,1902
Carmela Feron,5/2/1969,816-96-8277,7153,Private,Some-college,10,Married-civ-spouse,Sales,Husband,White,Male,48,United-States,<=50K,54,0,0
Ezra Lebrun,9/30/1950,463-42-5027,94672,Private,Some-college,10,Married-spouse-absent,Transport-moving,Not-in-family,Black,Male,40,,<=50K,73,0,0
Kylie Littefair,6/26/1971,126-33-9037,91956,Private,Some-college,10,Never-married,Sales,Own-child,Black,Male,35,United-States,<=50K,52,0,0
Arvin Diwell,9/29/1992,276-14-3784,30469,Private,11th,7,Separated,Farming-fishing,Other-relative,White,Male,40,Puerto-Rico,<=50K,31,0,0
Giffie Worg,6/15/2005,353-25-6223,55851,State-gov,Masters,14,Married-civ-spouse,Prof-specialty,Husband,White,Male,60,United-States,>50K,18,0,0
Ruperta Stribbling,5/26/1986,414-61-8334,18146,,HS-grad,9,Separated,,Not-in-family,Asian-Pac-Islander,Male,4,United-States,<=50K,37,0,0
Filbert Malcolmson,9/13/1957,217-68-8040,8680,,HS-grad,9,Divorced,,Unmarried,White,Female,40,United-States,<=50K,66,0,0
Steffie Betho,7/30/2001,786-61-4474,77571,Private,HS-grad,9,Never-married,Farming-fishing,Not-in-family,White,Male,40,United-States,<=50K,22,0,0
Aubrie Stuart,1/4/1992,144-58-5720,75149,Self-emp-inc,HS-grad,9,Married-civ-spouse,Sales,Husband,White,Male,30,United-States,>50K,31,0,1902
Isaiah Iglesias,2/27/1995,777-75-2097,54165,Local-gov,HS-grad,9,Married-civ-spouse,Exec-managerial,Husband,White,Male,42,United-States,>50K,28,0,0
Thornie Josefowicz,11/28/1998,424-13-2050,99884,Federal-gov,Assoc-voc,11,Divorced,Tech-support,Not-in-family,White,Male,40,United-States,<=50K,25,0,0
Leanora Ronchi,2/11/1951,508-24-9104,71403,Federal-gov,Some-college,10,Married-civ-spouse,Craft-repair,Husband,White,Male,40,United-States,>50K,72,0,0
Kailey Dallas,10/9/1958,483-92-6831,981,Self-emp-not-inc,Masters,14,Never-married,Prof-specialty,Not-in-family,White,Male,40,United-States,<=50K,65,0,0
Ellery Benardette,5/14/1995,684-25-9975,78706,Self-emp-inc,Assoc-voc,11,Married-civ-spouse,Sales,Husband,Other,Male,84,Mexico,<=50K,28,0,2179
Gunner Gadaud,12/19/1954,243-14-1792,7322,Private,HS-grad,9,Never-married,Handlers-cleaners,Not-in-family,White,Male,40,United-States,<=50K,69,0,0
Sherye Eves,6/15/1962,792-90-8795,66156,State-gov,Masters,14,Never-married,Prof-specialty,Not-in-family,White,Male,40,United-States,<=50K,61,0,0
Jacklin Duffyn,7/26/1990,127-91-8198,82862,State-gov,11th,7,Widowed,Other-service,Unmarried,White,Female,32,United-States,>50K,33,0,0
Gertrude Dingwall,9/11/2006,384-84-6299,33313,Private,HS-grad,9,Divorced,Handlers-cleaners,Unmarried,White,Male,48,United-States,<=50K,17,0,0
Scottie Burdfield,8/4/2012,330-23-5510,43857,Private,HS-grad,9,Never-married,Handlers-cleaners,Own-child,White,Male,40,United-States,<=50K,11,0,0
Remy Campanelli,12/1/1981,812-09-3883,23748,Local-gov,HS-grad,9,Married-civ-spouse,Other-service,Husband,Black,Male,40,United-States,<=50K,42,0,0
Cicely Morfey,2/18/1999,298-45-2025,2832,Private,Masters,14,Separated,Exec-managerial,Not-in-family,White,Male,50,United-States,>50K,24,99999,0
Mario Layborn,2/16/2011,877-80-7014,24483,Private,Some-college,10,Married-civ-spouse,Transport-moving,Husband,White,Male,40,United-States,<=50K,12,0,0
Antonina Blance,10/12/1979,602-42-8582,13939,Private,HS-grad,9,Never-married,Other-service,Not-in-family,Black,Male,40,Haiti,<=50K,44,0,0
Alvie Goodchild,3/29/1959,282-99-8488,96785,Private,7th-8th,4,Married-civ-spouse,Handlers-cleaners,Husband,White,Male,40,United-States,<=50K,64,0,0
Tades Bloomfield,12/6/1978,575-13-9295,18932,State-gov,Prof-school,15,Divorced,Prof-specialty,Unmarried,Black,Male,36,United-States,>50K,45,25236,0
Jyoti Davenport,6/13/1953,493-65-2455,66889,Private,Some-college,10,Never-married,Other-service,Own-child,White,Female,15,United-States,<=50K,70,0,0
Marlie Timmermann,1/21/1977,365-24-5833,99265,Private,Some-college,10,Married-civ-spouse,Craft-repair,Husband,White,Male,38,United-States,<=50K,46,0,1651
Diannne McCanny,9/15/1959,206-84-5818,82683,,Some-college,10,Never-married,,Own-child,Amer-Indian-Eskimo,Male,72,United-States,<=50K,64,0,0
Korrie Maunder,5/27/1954,580-65-2505,50459,Local-gov,Some-college,10,Married-civ-spouse,Handlers-cleaners,Husband,White,Male,40,Mexico,<=50K,69,0,0
Doti Tennison,2/28/1988,821-92-3496,78410,Private,HS-grad,9,Divorced,Exec-managerial,Unmarried,White,Female,55,United-States,<=50K,35,0,0
Elwood Jeduch,5/19/1951,245-98-2985,81004,Private,Bachelors,13,Never-married,Exec-managerial,Own-child,Asian-Pac-Islander,Male,40,United-States,<=50K,72,0,0
Karlik Kubatsch,3/10/1995,877-46-6614,73755,Private,HS-grad,9,Never-married,Other-service,Own-child,White,Female,40,United-States,<=50K,28,114,0
Woodrow Lewins,1/1/1972,482-49-3134,16103,Self-emp-inc,HS-grad,9,Married-civ-spouse,Sales,Husband,Asian-Pac-Islander,Male,40,Germany,<=50K,51,0,0
Hodge Synnot,5/16/1961,350-09-8682,54700,Private,Some-college,10,Married-civ-spouse,Craft-repair,Husband,White,Male,40,United-States,<=50K,62,0,0
Lorant Blackley,1/24/1951,399-49-7262,56463,Private,10th,6,Married-civ-spouse,Craft-repair,Husband,White,Male,45,United-States,>50K,72,0,0
Claiborne Hayhow,11/20/2009,212-37-4416,54853,Private,Some-college,10,Married-civ-spouse,Other-service,Husband,White,Male,40,United-States,<=50K,14,0,0
Therine Bryning,7/18/1995,281-84-4877,58250,State-gov,Some-college,10,Divorced,Adm-clerical,Unmarried,White,Female,35,United-States,<=50K,28,0,0
Warner Farncombe,1/23/1983,372-35-5522,54055,Private,Some-college,10,Married-civ-spouse,Craft-repair,Husband,White,Male,60,United-States,<=50K,40,0,0
Meredith Le febre,1/24/1984,876-11-4679,31800,Private,HS-grad,9,Never-married,Prof-specialty,Not-in-family,White,Female,40,United-States,<=50K,39,0,0
Paulie Honnicott,1/12/1978,305-50-2025,15820,Local-gov,Bachelors,13,Divorced,Prof-specialty,Unmarried,White,Female,55,United-States,<=50K,45,0,0
Carlynne Olivet,11/4/1973,588-64-9633,6619,Private,HS-grad,9,Never-married,Other-service,Own-child,White,Male,25,United-States,<=50K,50,0,0
Colline Legion,5/6/1959,447-08-9801,54263,Private,HS-grad,9,Divorced,Handlers-cleaners,Not-in-family,White,Male,40,United-States,<=50K,64,0,0
Carmelita Allery,6/1/2004,613-11-2230,54248,Private,Some-college,10,Divorced,Adm-clerical,Unmarried,White,Female,40,United-States,<=50K,19,0,0
Ezra Roughsedge,11/17/1956,207-10-6716,15550,Private,Doctorate,16,Married-civ-spouse,Exec-managerial,Husband,White,Male,60,United-States,<=50K,67,0,0
Corinne Garlick,2/10/1988,169-78-1971,2796,Private,7th-8th,4,Married-civ-spouse,Transport-moving,Husband,White,Male,40,United-States,<=50K,35,0,0
Bridget Grabbam,1/14/1979,673-73-6513,80912,Private,HS-grad,9,Never-married,Transport-moving,Not-in-family,Black,Male,35,United-States,<=50K,44,0,0
Vinnie Norvill,7/17/1957,803-26-6161,67152,Self-emp-inc,HS-grad,9,Married-civ-spouse,Other-service,Husband,White,Male,40,United-States,>50K,66,0,0
Pancho Featherstone,5/13/1991,683-97-0210,12614,Private,Some-college,10,Divorced,Other-service,Not-in-family,White,Female,40,United-States,<=50K,32,0,0
Fifine Driffill,8/3/1960,435-96-5429,19693,Private,Some-college,10,Married-civ-spouse,Sales,Husband,White,Male,40,United-States,<=50K,63,0,0
Jae Caughte,12/31/1981,575-88-4060,89507,Private,Bachelors,13,Married-civ-spouse,Prof-specialty,Husband,White,Male,60,United-States,>50K,42,0,0
Kristofer Mowle,1/10/1980,320-18-5789,99270,Private,Some-college,10,Married-civ-spouse,Craft-repair,Husband,White,Male,40,United-States,<=50K,43,2407,0
Ally Jevons,12/8/1975,494-06-8906,36897,Private,Some-college,10,Married-civ-spouse,Transport-moving,Husband,White,Male,55,United-States,<=50K,48,0,0
Brina Lanfere,3/2/1955,145-63-2672,27101,Private,HS-grad,9,Never-married,Sales,Not-in-family,White,Female,35,United-States,<=50K,68,0,0
Taddeo Jennaway,2/27/1980,238-83-7006,73299,Private,HS-grad,9,Married-civ-spouse,Craft-repair,Husband,White,Male,60,United-States,<=50K,43,0,0
Milt Cord,3/22/1998,329-32-0854,9722,Local-gov,HS-grad,9,Married-civ-spouse,Protective-serv,Husband,White,Male,40,United-States,>50K,25,0,0
Mylo Phillcock,5/30/2011,877-50-8903,94814,Private,11th,7,Divorced,Other-service,Unmarried,White,Female,40,United-States,<=50K,12,0,0
Tymothy Kristiansen,5/7/1978,324-55-5638,70883,Local-gov,Bachelors,13,Married-civ-spouse,Prof-specialty,Husband,White,Male,40,United-States,<=50K,45,0,0
Claiborn Motto,8/1/1968,382-37-0561,76995,Self-emp-not-inc,HS-grad,9,Widowed,Other-service,Other-relative,White,Female,40,United-States,<=50K,55,0,0
Pietra Reinert,2/20/1955,370-63-7403,55720,Self-emp-not-inc,Some-college,10,Never-married,Other-service,Not-in-family,White,Female,20,United-States,<=50K,68,0,0
Jemmy Cowwell,4/29/2003,333-72-5668,56199,Self-emp-not-inc,HS-grad,9,Married-civ-spouse,Craft-repair,Husband,White,Male,52,United-States,>50K,20,0,0
Tildi Rozec,5/12/1990,403-64-3990,28936,Private,Assoc-acdm,12,Married-civ-spouse,Exec-managerial,Wife,White,Female,45,United-States,>50K,33,15024,0
Seth Bonnick,4/7/1984,242-12-6721,6092,Private,Bachelors,13,Never-married,Adm-clerical,Not-in-family,White,Female,35,United-States,<=50K,39,0,0
Brande Sherbrooke,10/5/1952,366-86-1246,25134,Self-emp-not-inc,11th,7,Married-civ-spouse,Craft-repair,Husband,White,Male,40,United-States,<=50K,71,0,0
Kaine Giannassi,9/2/1978,877-98-7204,60272,Private,HS-grad,9,Divorced,Prof-specialty,Unmarried,White,Female,25,United-States,<=50K,45,0,0
Margarete Robez,2/15/1952,566-44-6293,67925,Private,Masters,14,Divorced,Prof-specialty,Own-child,White,Female,40,United-States,<=50K,71,0,0
Lynea Harburtson,9/6/1983,297-51-1509,26601,Private,HS-grad,9,Never-married,Handlers-cleaners,Other-relative,White,Male,45,United-States,<=50K,40,0,0
Oralla Chmiel,6/7/2000,522-20-5540,65094,Private,Some-college,10,Never-married,Other-service,Not-in-family,White,Male,40,United-States,<=50K,23,0,0
Kassie Handforth,3/16/1972,179-61-4898,15672,Private,HS-grad,9,Married-civ-spouse,Machine-op-inspct,Husband,White,Male,50,United-States,>50K,51,5178,0
Ashlin Gavozzi,1/8/1986,427-97-9540,76124,Private,HS-grad,9,Divorced,Protective-serv,Not-in-family,White,Male,40,United-States,<=50K,37,0,0
Sandro Gemnett,8/26/1987,841-79-9497,14151,Private,Assoc-voc,11,Divorced,Craft-repair,Not-in-family,White,Male,35,United-States,<=50K,36,0,0
Markos Blamey,9/25/2008,353-57-3018,51895,Private,HS-grad,9,Married-spouse-absent,Sales,Not-in-family,White,Male,20,United-States,<=50K,15,0,0
Kerwin Jameson,4/21/1953,409-34-4600,46564,Private,Some-college,10,Married-civ-spouse,Protective-serv,Husband,White,Male,40,United-States,<=50K,70,0,0
Aili Briztman,5/18/2000,836-99-1144,90077,Private,Some-college,10,Married-civ-spouse,Sales,Husband,White,Male,40,United-States,>50K,23,0,0
Karlik Slark,2/8/1974,150-29-1296,41111,Private,Assoc-acdm,12,Divorced,Prof-specialty,Not-in-family,White,Female,50,United-States,<=50K,49,0,0
Dinah McCarter,10/30/1993,255-72-4458,38760,Private,Prof-school,15,Married-civ-spouse,Exec-managerial,Husband,White,Male,55,United-States,>50K,30,0,0
Akim MacNulty,4/22/1968,244-63-5614,95294,Private,10th,6,Divorced,Other-service,Not-in-family,White,Female,40,United-States,<=50K,55,0,0
Kipper Dibbert,7/25/1997,529-77-2202,19003,Private,Masters,14,Married-civ-spouse,Farming-fishing,Not-in-family,White,Male,99,United-States,>50K,26,0,0
Carlie Manicom,2/28/1975,214-54-0826,55312,Self-emp-inc,Some-college,10,Married-civ-spouse,Sales,Husband,White,Male,60,United-States,>50K,48,0,0
Nappie Cubitt,10/24/1980,243-49-1013,73166,Self-emp-inc,Bachelors,13,Married-civ-spouse,Craft-repair,Husband,White,Male,50,United-States,>50K,43,7688,0
Kort Ellif,8/29/2008,489-83-8606,69315,Self-emp-inc,Bachelors,13,Married-civ-spouse,Prof-specialty,Husband,White,Male,40,United-States,>50K,15,7688,0
Derrek Coughan,4/4/1994,610-67-2349,94029,Private,Bachelors,13,Never-married,Tech-support,Not-in-family,White,Male,45,United-States,<=50K,29,0,0
Delila Cannam,6/29/1979,105-90-0078,83429,Private,Assoc-voc,11,Divorced,Adm-clerical,Not-in-family,White,Female,38,United-States,<=50K,44,0,0
Sonni Castilla,1/13/1976,589-33-5684,8942,,Some-college,10,Never-married,,Own-child,White,Male,40,United-States,<=50K,47,0,0
Gilberte Faivre,10/14/1959,555-84-2836,41974,Private,Some-college,10,Separated,Tech-support,Unmarried,Black,Female,40,United-States,<=50K,64,0,0
Birgitta Ivankin,11/22/1999,659-49-1187,97216,Private,Some-college,10,Married-civ-spouse,Prof-specialty,Wife,Other,Female,6,Puerto-Rico,<=50K,24,0,0
Galvin Addyman,12/3/1993,826-13-2851,68819,Private,HS-grad,9,Married-civ-spouse,Machine-op-inspct,Husband,White,Male,40,United-States,<=50K,30,0,0
Sullivan Glavin,8/2/1979,225-78-2443,43028,Private,HS-grad,9,Married-civ-spouse,Transport-moving,Husband,White,Male,45,United-States,<=50K,44,0,0
Leigha Dowling,7/11/2003,448-22-4889,35429,Self-emp-not-inc,Some-college,10,Married-civ-spouse,Sales,Husband,White,Male,60,United-States,<=50K,20,0,0
Zsa zsa Ginn,12/16/1973,803-25-6813,52298,Private,12th,8,Divorced,Transport-moving,Not-in-family,White,Female,40,United-States,<=50K,50,0,0
Loren Gerhartz,6/28/1985,140-10-3017,88749,Private,11th,7,Separated,Other-service,Own-child,White,Female,40,United-States,<=50K,38,0,0
Kylila Uttermare,2/2/1957,371-82-0858,16057,Private,Some-college,10,Married-civ-spouse,Exec-managerial,Own-child,Black,Female,40,United-States,<=50K,66,0,0
Marnia Bellchamber,11/15/1991,305-46-6607,57978,Private,HS-grad,9,Married-civ-spouse,Craft-repair,Husband,White,Male,50,United-States,>50K,32,0,0
Bathsheba Cape,5/26/1969,460-31-1650,43050,,HS-grad,9,Married-civ-spouse,,Husband,White,Male,40,United-States,<=50K,54,0,0
Vincenz Hyndes,3/9/2006,729-53-4016,35916,Private,HS-grad,9,Never-married,Sales,Own-child,White,Female,35,United-States,<=50K,17,0,0
Roslyn Wall,8/3/1979,480-62-6246,47619,Private,Assoc-acdm,12,Married-civ-spouse,Prof-specialty,Husband,White,Male,40,United-States,>50K,44,0,0
Ariela Digman,11/20/1993,279-13-5033,79695,Private,12th,8,Never-married,Other-service,Not-in-family,White,Female,40,United-States,<=50K,30,0,0
Lesly Shepheard,12/11/2011,650-51-7763,44425,Self-emp-inc,Bachelors,13,Divorced,Prof-specialty,Not-in-family,White,Male,80,United-States,<=50K,12,0,0
Cindra Clift,4/29/1986,388-35-2155,92534,Local-gov,Masters,14,Married-civ-spouse,Prof-specialty,Wife,White,Female,40,United-States,>50K,37,7298,0
Muhammad Corzor,1/14/1986,331-11-5984,65049,Private,HS-grad,9,Never-married,Adm-clerical,Unmarried,Other,Female,40,United-States,<=50K,37,0,0
Amalita Szantho,10/15/1972,150-43-3624,76306,Self-emp-not-inc,Some-college,10,Married-civ-spouse,Transport-moving,Husband,White,Male,99,United-States,<=50K,51,0,0
Claudio Gatsby,12/10/1999,269-96-4853,61531,Private,11th,7,Never-married,Other-service,Own-child,White,Male,20,United-States,<=50K,24,1055,0
Gunther Hilling,10/18/1951,136-73-6464,42381,,1st-4th,2,Separated,,Unmarried,White,Female,40,Mexico,<=50K,72,0,0
Christalle Simonsen,6/30/1968,874-36-4310,55683,Private,HS-grad,9,Divorced,Adm-clerical,Unmarried,White,Female,40,Mexico,<=50K,55,0,0
Guido Bean,6/11/1984,636-12-9974,83631,Self-emp-not-inc,7th-8th,4,Married-civ-spouse,Craft-repair,Husband,Amer-Indian-Eskimo,Male,40,United-States,<=50K,39,0,0
Ambros Sparrow,8/30/2010,616-20-6415,85896,Private,HS-grad,9,Married-civ-spouse,Machine-op-inspct,Husband,Black,Male,40,United-States,<=50K,13,0,0
Conant Bentsen,8/16/2001,561-74-6856,20817,Private,Bachelors,13,Married-civ-spouse,Prof-specialty,Husband,White,Male,40,United-States,>50K,22,0,0
Odetta Rymer,5/29/1973,773-15-5665,55489,Private,HS-grad,9,Never-married,Other-service,Unmarried,White,Male,40,United-States,<=50K,50,0,0
Opalina Lynn,1/16/1990,702-52-9139,50949,Private,Assoc-voc,11,Never-married,Protective-serv,Own-child,Black,Male,40,United-States,<=50K,33,0,0
Lewie Fydoe,4/20/1976,783-27-4758,82684,Private,HS-grad,9,Married-civ-spouse,Transport-moving,Husband,White,Male,40,United-States,>50K,47,0,0
Melvyn Cutford,1/6/1988,137-95-3761,38461,State-gov,Bachelors,13,Never-married,Prof-specialty,Not-in-family,White,Male,38,United-States,<=50K,35,0,0
Lauren Dyment,2/2/1996,657-43-5464,19099,Private,Bachelors,13,Separated,Sales,Not-in-family,White,Male,40,United-States,<=50K,27,0,0
Cal Stabler,8/13/1951,226-04-6763,50772,Private,HS-grad,9,Married-civ-spouse,Craft-repair,Husband,Black,Male,40,United-States,<=50K,72,0,0
Palm Hardeman,4/12/1992,218-94-5263,81249,,HS-grad,9,Married-civ-spouse,,Husband,White,Male,20,United-States,<=50K,31,0,0
Antonie Arnason,10/20/1958,694-35-5097,76956,Private,9th,5,Married-civ-spouse,Machine-op-inspct,Husband,White,Male,40,Mexico,<=50K,65,3137,0
Jedd Prodrick,10/5/1990,817-57-3676,78330,Private,Assoc-acdm,12,Never-married,Prof-specialty,Not-in-family,White,Male,50,United-States,>50K,33,0,0
Margaretha Renbold,5/13/2008,175-90-4009,73017,Private,Bachelors,13,Widowed,Farming-fishing,Own-child,Asian-Pac-Islander,Male,40,United-States,<=50K,15,0,0
Matilda Schwerin,9/29/2007,297-80-4418,46200,Self-emp-inc,Some-college,10,Married-civ-spouse,Sales,Husband,White,Male,50,United-States,>50K,16,15024,0
Cariotta Karppi,10/8/1982,773-02-2879,62142,Private,HS-grad,9,Married-civ-spouse,Machine-op-inspct,Husband,White,Male,40,United-States,<=50K,41,0,0
Audrie Parrish,5/31/1999,770-20-3143,16084,Local-gov,Some-college,10,Married-civ-spouse,Exec-managerial,Husband,White,Male,40,United-States,>50K,24,0,0
Bernie Ryton,12/20/1996,400-88-3674,43714,Private,Bachelors,13,Married-civ-spouse,Exec-managerial,Husband,White,Male,70,United-States,<=50K,27,0,0
Devi Errowe,4/7/1986,445-61-0999,77859,Private,HS-grad,9,Divorced,Adm-clerical,Unmarried,White,Female,40,United-States,<=50K,37,0,0
Arlette Elven,3/21/2007,602-24-3281,26176,Private,Assoc-acdm,12,Separated,Craft-repair,Not-in-family,White,Male,60,United-States,<=50K,16,0,0
Dierdre Hardacre,7/1/1967,457-54-1643,62796,State-gov,Masters,14,Married-civ-spouse,Prof-specialty,Husband,White,Male,38,United-States,>50K,56,7688,0
Carlotta Darmody,11/19/1993,444-13-8120,83750,Private,Bachelors,13,Married-civ-spouse,Exec-managerial,Husband,White,Male,40,United-States,>50K,30,0,0
Penny Dansie,3/14/1951,764-51-9002,74117,Private,11th,7,Never-married,Other-service,Not-in-family,White,Female,20,United-States,<=50K,72,0,0
Mead Wemm,7/13/1980,725-08-3585,9228,Private,Assoc-acdm,12,Divorced,Exec-managerial,Unmarried,Black,Female,50,United-States,<=50K,43,0,0
Melantha Scolli,1/31/2006,358-80-9034,72541,Private,HS-grad,9,Never-married,Sales,Unmarried,Black,Female,25,United-States,<=50K,17,0,0
Etta Garrity,3/1/1994,847-50-9398,97638,Private,Some-college,10,Never-married,Other-service,Own-child,White,Female,40,United-States,<=50K,29,0,0
Devina Symmers,1/5/1963,125-95-5530,17837,Private,Some-college,10,Married-civ-spouse,Protective-serv,Husband,White,Male,16,United-States,<=50K,60,0,0
Ragnar Braxay,5/3/1963,767-72-8949,1917,Private,HS-grad,9,Married-civ-spouse,Other-service,Husband,Asian-Pac-Islander,Male,30,China,<=50K,60,0,0
Trefor Dadds,3/30/1960,442-17-7790,49740,Private,HS-grad,9,Never-married,Adm-clerical,Own-child,Asian-Pac-Islander,Female,40,United-States,<=50K,63,0,0
Seka Pietruszka,10/5/1953,319-15-9622,36587,Private,HS-grad,9,Never-married,Craft-repair,Own-child,White,Male,42,United-States,<=50K,70,0,0
Averell Eard,1/4/1953,582-29-5379,9288,Private,Some-college,10,Never-married,Machine-op-inspct,Own-child,White,Male,40,India,<=50K,70,0,0
Tove Crickmore,8/27/1961,296-45-7890,41785,Private,Some-college,10,Married-civ-spouse,Exec-managerial,Husband,White,Male,48,United-States,<=50K,62,0,0
Conny Grasser,5/29/2001,665-79-3601,75742,Private,HS-grad,9,Separated,Other-service,Not-in-family,Black,Female,40,United-States,<=50K,22,0,0
Meryl Menguy,8/21/1965,670-05-4479,689,Private,Some-college,10,Divorced,Craft-repair,Unmarried,White,Male,40,United-States,<=50K,58,0,0
Ash Freer,9/3/2000,520-93-2860,88939,Private,5th-6th,3,Separated,Other-service,Unmarried,White,Female,40,Mexico,<=50K,23,0,0
Eddy Rozzell,6/11/1955,634-04-6010,39561,Private,Some-college,10,Divorced,Adm-clerical,Unmarried,White,Female,40,United-States,<=50K,68,0,0
Nannette Matteoli,10/28/1970,670-75-2081,14114,,HS-grad,9,Widowed,,Not-in-family,White,Male,24,United-States,<=50K,53,0,0
Brander Alvis,8/13/1963,458-90-6854,48600,Private,HS-grad,9,Married-civ-spouse,Craft-repair,Husband,White,Male,40,United-States,<=50K,60,0,0
Gay Eul,10/12/1951,755-81-7097,64818,Private,HS-grad,9,Married-civ-spouse,Machine-op-inspct,Husband,White,Male,60,United-States,<=50K,72,0,0
Ebenezer O' Mara,7/1/1988,665-37-2921,486,Private,11th,7,Never-married,Handlers-cleaners,Not-in-family,White,Male,40,United-States,<=50K,35,0,0
Cary Bartelli,5/9/1955,823-77-8710,25364,Private,HS-grad,9,Never-married,Handlers-cleaners,Not-in-family,White,Female,37,United-States,<=50K,68,0,0
Adrea Fritter,10/26/1979,133-62-1868,96877,,Some-college,10,Never-married,,Own-child,Black,Male,40,United-States,<=50K,44,0,0
Curr Rist,5/12/1980,685-95-8106,16955,,Bachelors,13,Divorced,,Unmarried,White,Female,32,United-States,<=50K,43,0,0
Alia Wickes,3/7/1994,108-61-3449,12734,Private,HS-grad,9,Divorced,Adm-clerical,Unmarried,White,Female,40,United-States,<=50K,29,0,0
Garrett Skahill,12/16/1976,840-36-4172,20291,Private,HS-grad,9,Married-civ-spouse,Adm-clerical,Wife,White,Female,40,United-States,<=50K,47,0,0
Jewelle O'Doherty,10/26/1976,393-57-0649,52570,Private,Assoc-voc,11,Married-civ-spouse,Machine-op-inspct,Husband,White,Male,40,United-States,>50K,47,0,0
Drusi Chaters,12/15/2000,582-25-9846,94775,,11th,7,Divorced,,Not-in-family,Black,Female,40,United-States,<=50K,23,0,0
Jordan Corten,1/10/1956,661-64-3119,36173,,Some-college,10,Divorced,,Not-in-family,White,Female,25,United-States,<=50K,67,0,0
Lizabeth Flacknell,4/28/1983,218-49-9606,60390,Private,HS-grad,9,Separated,Handlers-cleaners,Unmarried,Asian-Pac-Islander,Female,60,South,<=50K,40,0,0
Arliene Lafoy,1/28/2002,890-47-6112,67192,Private,HS-grad,9,Married-civ-spouse,Craft-repair,Husband,White,Male,72,Mexico,<=50K,21,0,0
Walker Kelshaw,1/22/2001,889-48-4819,39458,State-gov,HS-grad,9,Divorced,Adm-clerical,Other-relative,White,Female,40,United-States,<=50K,22,0,0
Haslett Stock,1/4/1987,310-71-9928,47361,Private,Bachelors,13,Married-civ-spouse,Prof-specialty,Husband,White,Male,45,United-States,>50K,36,0,0
Hope Baldick,6/8/1981,306-79-7781,40358,Private,Some-college,10,Divorced,Adm-clerical,Unmarried,White,Female,43,United-States,<=50K,42,0,0
Britni Buttriss,12/3/1995,752-06-4115,34198,Private,12th,8,Divorced,Other-service,Not-in-family,White,Female,40,United-States,<=50K,28,0,0
Worthington Doole,7/20/2006,528-82-3111,15369,State-gov,Bachelors,13,Married-civ-spouse,Prof-specialty,Wife,White,Female,40,United-States,>50K,17,0,0
Helli Andresen,7/30/2000,886-97-8500,14440,State-gov,Some-college,10,Married-civ-spouse,Exec-managerial,Husband,White,Male,12,United-States,<=50K,23,0,0
Helenelizabeth Scrimgeour,1/2/1986,161-54-7321,31072,Private,Some-college,10,Never-married,Exec-managerial,Own-child,White,Male,40,United-States,<=50K,37,0,0
Zach Becke,9/18/1951,603-54-8574,40508,Private,Bachelors,13,Divorced,Machine-op-inspct,Unmarried,Other,Female,40,Puerto-Rico,<=50K,72,0,0
Benn Climance,12/31/2003,135-91-0703,78314,Private,Assoc-voc,11,Divorced,Adm-clerical,Unmarried,White,Female,40,United-States,<=50K,20,0,0
Cliff MacGaughey,7/13/1958,556-80-2836,34876,Private,Bachelors,13,Married-civ-spouse,Craft-repair,Husband,Asian-Pac-Islander,Male,40,Cambodia,>50K,65,0,0
Bradney Brouncker,7/2/1997,794-75-8736,47339,Private,Bachelors,13,Married-civ-spouse,Tech-support,Husband,White,Male,40,United-States,>50K,26,0,0
Callida Milan,1/16/1981,101-53-5796,44058,Private,Bachelors,13,Never-married,Sales,Own-child,White,Female,40,United-States,<=50K,42,0,0
Kania Cratchley,9/20/1978,678-65-6191,81893,Private,Assoc-voc,11,Married-civ-spouse,Craft-repair,Husband,White,Male,40,United-States,<=50K,45,0,2603
Marcia Ciardo,10/16/1966,711-72-0595,64061,,HS-grad,9,Widowed,,Not-in-family,White,Male,32,United-States,<=50K,57,0,0
Bennie Baumber,5/6/2000,250-96-0714,36545,Private,10th,6,Never-married,Handlers-cleaners,Not-in-family,White,Male,40,United-States,<=50K,23,0,0
Sullivan Edwick,11/23/1976,789-48-7564,8909,Private,HS-grad,9,Widowed,Adm-clerical,Not-in-family,White,Female,32,United-States,<=50K,47,0,0
Killian Debrett,7/30/1966,280-96-7052,93542,Private,9th,5,Married-civ-spouse,Machine-op-inspct,Other-relative,Asian-Pac-Islander,Female,45,China,<=50K,57,0,0
Kaja Bonde,5/26/1953,866-55-0629,65025,Private,Some-college,10,Never-married,Adm-clerical,Not-in-family,White,Male,40,United-States,<=50K,70,0,0
Angil Twinborne,5/8/1989,569-66-2160,46852,Federal-gov,Bachelors,13,Married-civ-spouse,Exec-managerial,Husband,White,Male,40,United-States,<=50K,34,0,0
Larry Fulloway,9/14/1967,132-18-1900,89903,Private,Prof-school,15,Married-civ-spouse,Prof-specialty,Husband,White,Male,60,United-States,>50K,56,0,0
Mimi Satyford,2/17/1983,471-83-9188,39840,Self-emp-not-inc,Bachelors,13,Married-civ-spouse,Exec-managerial,Husband,White,Male,40,United-States,<=50K,40,0,0
Rochell Essex,8/7/2005,116-48-4257,2212,Private,Bachelors,13,Married-civ-spouse,Exec-managerial,Husband,White,Male,60,United-States,>50K,18,0,0
Libbey Kerrich,4/26/1963,283-50-7305,61871,,Bachelors,13,Married-civ-spouse,,Husband,White,Male,24,United-States,<=50K,60,0,0
Emelina Tailour,2/19/1974,208-80-7558,42183,Private,HS-grad,9,Married-civ-spouse,Handlers-cleaners,Husband,White,Male,70,United-States,<=50K,49,0,0
Bruce Rootes,10/23/1983,778-31-1577,81325,Private,Some-college,10,Divorced,Craft-repair,Not-in-family,White,Male,38,United-States,<=50K,40,0,0
Dallon Crane,7/14/2001,729-45-0341,44372,,Some-college,10,Never-married,,Own-child,White,Female,35,United-States,<=50K,22,0,0
Hamlen Westhofer,10/5/1985,618-63-8781,53096,Private,Some-college,10,Never-married,Farming-fishing,Not-in-family,White,Male,20,United-States,<=50K,38,0,0
Albie MacKartan,10/1/1995,147-91-6352,41098,Private,10th,6,Never-married,Other-service,Own-child,White,Female,25,United-States,<=50K,28,0,0
Rois Dominguez,10/2/1961,348-54-0736,40156,Self-emp-not-inc,Assoc-acdm,12,Never-married,Prof-specialty,Not-in-family,White,Female,25,United-States,<=50K,62,0,0
Cassandra Tretter,4/14/1979,753-22-5853,69620,Private,11th,7,Never-married,Transport-moving,Own-child,White,Male,40,United-States,<=50K,44,0,0
Lurette Abdon,7/5/1983,242-52-8532,13092,Private,Some-college,10,Never-married,Handlers-cleaners,Own-child,White,Male,50,United-States,<=50K,40,0,0
Berkly Lavis,3/14/1987,318-17-4561,70237,Self-emp-inc,Bachelors,13,Never-married,Exec-managerial,Not-in-family,White,Male,50,United-States,<=50K,36,0,0
Findley Iannetti,9/18/1959,582-97-4554,67016,Private,HS-grad,9,Divorced,Exec-managerial,Not-in-family,White,Female,40,United-States,<=50K,64,0,0
Odelle Stealfox,4/25/2000,749-06-0722,90994,Private,Bachelors,13,Divorced,Craft-repair,Unmarried,White,Female,25,United-States,<=50K,23,0,0
Olympe Willatts,10/15/1967,295-40-2058,25072,Private,Bachelors,13,Never-married,Adm-clerical,Not-in-family,White,Female,40,United-States,<=50K,56,0,0
Ira Redmayne,5/14/2004,830-61-7365,47343,Private,HS-grad,9,Never-married,Machine-op-inspct,Not-in-family,White,Male,42,United-States,<=50K,19,0,1741
Brittan Diamant,7/20/1960,447-01-5299,32680,Private,Some-college,10,Divorced,Craft-repair,Not-in-family,White,Male,65,United-States,<=50K,63,0,0
Hewett Layland,11/11/1960,248-08-8885,12752,Private,HS-grad,9,Married-civ-spouse,Sales,Husband,White,Male,40,United-States,<=50K,63,0,0
Raphaela Merricks,4/16/1994,640-70-4118,71431,Private,Some-college,10,Married-civ-spouse,Tech-support,Husband,White,Male,40,United-States,<=50K,29,0,0
Riane Hallet,10/30/2004,687-81-4883,5052,Private,Some-college,10,Never-married,Exec-managerial,Not-in-family,White,Male,50,United-States,<=50K,19,0,0
Dori Stanway,9/15/1952,764-09-8120,27835,Private,Some-college,10,Married-civ-spouse,Craft-repair,Husband,White,Male,40,United-States,<=50K,71,0,0
Stavro Brayshaw,11/12/1960,833-37-8473,31409,Private,Assoc-voc,11,Never-married,Adm-clerical,Own-child,White,Female,35,United-States,<=50K,63,0,0
Karole O'Cullinane,11/21/1997,355-93-2430,87285,Private,Assoc-acdm,12,Never-married,Sales,Own-child,White,Female,40,Peru,<=50K,26,0,0
Hurleigh Jauncey,4/8/1979,471-95-6554,47030,,Some-college,10,Never-married,,Own-child,Black,Female,40,United-States,<=50K,44,0,0
Minta Jervoise,3/5/1990,179-16-6659,18842,Private,Some-college,10,Married-civ-spouse,Handlers-cleaners,Husband,White,Male,40,United-States,<=50K,33,0,0
Elsa Vasilov,11/19/1985,743-43-4277,81895,State-gov,HS-grad,9,Married-civ-spouse,Protective-serv,Husband,White,Male,28,United-States,<=50K,38,0,0
Archaimbaud Stainson,9/29/1969,494-49-2943,47,,Some-college,10,Never-married,,Own-child,White,Female,40,United-States,<=50K,54,0,0
Darrel Janning,7/12/1991,888-46-9565,35935,State-gov,Masters,14,Never-married,Prof-specialty,Not-in-family,White,Female,40,United-States,<=50K,32,0,0
Guillemette Rosone,11/14/1976,776-71-3043,7261,Self-emp-not-inc,Masters,14,Married-civ-spouse,Prof-specialty,Husband,White,Male,45,United-States,>50K,47,0,0
Upton Ever,10/8/1967,797-83-2768,56501,Private,HS-grad,9,Never-married,Transport-moving,Own-child,White,Male,40,United-States,<=50K,56,0,0
Mathian Dayborne,11/24/1958,194-83-9910,94646,Self-emp-not-inc,HS-grad,9,Married-AF-spouse,Craft-repair,Husband,White,Male,90,United-States,<=50K,65,0,0
Evy Sibbald,9/22/1950,148-06-7730,60746,Local-gov,HS-grad,9,Never-married,Other-service,Own-child,White,Female,45,United-States,<=50K,73,0,0
Alejandrina Fer,5/4/1952,310-97-3956,720,Private,12th,8,Married-civ-spouse,Transport-moving,Husband,Black,Male,40,Jamaica,<=50K,71,0,0
Cyrus Biddleston,10/28/1964,875-35-0655,80923,Private,Bachelors,13,Married-civ-spouse,Prof-specialty,Husband,White,Male,50,United-States,>50K,59,0,1977
Maxi Goad,10/21/1991,425-25-6491,7079,Local-gov,Bachelors,13,Never-married,Prof-specialty,Not-in-family,White,Female,40,United-States,<=50K,32,0,0
Alexandrina Trewhella,11/29/1986,586-20-3906,54620,Private,Some-college,10,Divorced,Adm-clerical,Not-in-family,White,Female,40,United-States,<=50K,37,0,0
Tobiah Brackstone,12/26/1951,807-29-7797,84,Private,HS-grad,9,Married-civ-spouse,Exec-managerial,Husband,White,Male,40,United-States,<=50K,72,0,0
Wallis Langmuir,5/3/2007,850-81-2572,79510,Private,Bachelors,13,Married-civ-spouse,Exec-managerial,Husband,White,Male,45,United-States,>50K,16,0,0
Audy Easun,2/8/1951,175-09-4676,51918,Private,HS-grad,9,Never-married,Other-service,Other-relative,White,Male,40,United-States,<=50K,72,0,0
Meta Scholar,4/4/1991,751-62-3008,14429,Private,9th,5,Never-married,Sales,Own-child,Other,Female,32,United-States,<=50K,32,0,0
Clywd Pearlman,12/5/1973,681-45-1310,44749,Private,Some-college,10,Never-married,Handlers-cleaners,Own-child,White,Male,20,United-States,<=50K,50,0,0
Davis Tulip,9/7/1953,578-77-8705,91512,Private,Masters,14,Married-civ-spouse,Prof-specialty,Husband,White,Male,40,,>50K,70,0,0
Phoebe Whooley,12/2/1972,532-95-6169,41991,Self-emp-not-inc,Assoc-voc,11,Never-married,Farming-fishing,Own-child,White,Male,65,United-States,<=50K,51,0,0
Caren Yare,6/10/1977,486-53-9451,63029,,Assoc-voc,11,Widowed,,Not-in-family,White,Female,1,United-States,<=50K,46,0,0
Suzy Zoephel,1/5/1983,307-12-0966,68147,Private,11th,7,Married-civ-spouse,Craft-repair,Husband,White,Male,40,United-States,<=50K,40,0,0
Gusta Esbrook,7/31/1980,392-34-0174,834,Federal-gov,Some-college,10,Married-civ-spouse,Exec-managerial,Wife,Asian-Pac-Islander,Female,40,United-States,>50K,43,0,0
Dinny Bour,8/16/1984,334-99-8566,87927,Private,Assoc-voc,11,Never-married,Transport-moving,Not-in-family,White,Male,40,United-States,<=50K,39,0,0
Tandi Ball,12/14/1966,886-46-0797,91423,Private,Masters,14,Never-married,Exec-managerial,Not-in-family,Black,Male,60,United-States,<=50K,57,0,0
Kriste Feetham,10/15/1990,437-19-6915,13885,Private,9th,5,Married-civ-spouse,Farming-fishing,Husband,White,Male,45,United-States,<=50K,33,0,0
Reinhold Huffy,4/24/1976,669-60-0121,16396,Private,Bachelors,13,Married-civ-spouse,Sales,Husband,Asian-Pac-Islander,Male,40,United-States,>50K,47,0,0
Ira Tison,5/26/1986,875-49-2073,92782,,11th,7,Separated,,Not-in-family,Black,Male,40,United-States,<=50K,37,0,0
Isadora Beert,10/14/1978,284-53-3940,99769,Federal-gov,Masters,14,Never-married,Prof-specialty,Not-in-family,White,Female,40,United-States,<=50K,45,0,0
Gabrielle Coppo,2/6/1951,320-65-2758,65833,Private,Some-college,10,Widowed,Craft-repair,Unmarried,White,Female,50,United-States,<=50K,72,0,0
Brynn Adger,6/29/1991,754-39-5563,9278,Private,HS-grad,9,Divorced,Craft-repair,Unmarried,White,Male,40,United-States,<=50K,32,2354,0
Salomo Benbough,10/20/2003,766-55-2408,12364,Private,10th,6,Married-civ-spouse,Other-service,Husband,White,Male,40,Mexico,<=50K,20,0,0
Katerine Cubberley,11/2/2003,124-72-9068,60048,Private,HS-grad,9,Married-civ-spouse,Handlers-cleaners,Husband,White,Male,40,United-States,>50K,20,0,0
Natal Pegg,3/24/2012,112-49-9530,99152,,Some-college,10,Married-civ-spouse,,Husband,White,Male,20,United-States,>50K,11,0,0
Carny Mapston,2/9/1978,390-61-7386,75623,Private,Doctorate,16,Married-civ-spouse,Prof-specialty,Husband,White,Male,40,Poland,>50K,45,0,0
Roland Zucker,1/30/1972,429-92-3354,23132,Private,Bachelors,13,Divorced,Exec-managerial,Unmarried,White,Female,48,United-States,<=50K,51,0,0
Dniren Patzelt,7/27/2004,850-02-2433,24022,Private,Some-college,10,Never-married,Adm-clerical,Own-child,White,Female,40,United-States,<=50K,19,0,0
Evelyn Wyant,9/1/1995,697-37-9767,99007,Self-emp-not-inc,12th,8,Married-civ-spouse,Exec-managerial,Husband,White,Male,50,United-States,>50K,28,0,0
Jany Hayle,4/12/1986,836-94-8396,73506,Private,Bachelors,13,Never-married,Sales,Own-child,White,Male,55,United-States,<=50K,37,0,0
Debor Hort,4/1/1998,452-06-5162,62287,Private,Bachelors,13,Married-civ-spouse,Sales,Husband,White,Male,50,United-States,>50K,25,0,0
